,date,open,close,high,low,volume,code
0,2004-01-02,1.265,0.0672182006204757,1.288,1.258,0.002170626421010067,000961
1,2004-01-05,1.268,0.06909843000846104,1.298,1.245,0.005817637123485158,000961
2,2004-01-06,1.288,0.06646610886528156,1.291,1.255,0.005723067325192233,000961
3,2004-01-07,1.26,0.07126069380464416,1.336,1.26,0.01186370665488254,000961
4,2004-01-08,1.308,0.07050860204945003,1.318,1.285,0.007861511494761286,000961
5,2004-01-09,1.301,0.06815831531446837,1.308,1.273,0.006938577674382041,000961
6,2004-01-12,1.26,0.06938046441665882,1.291,1.26,0.004671359126287588,000961
7,2004-01-13,1.285,0.06909843000846104,1.296,1.26,0.005657231448477959,000961
8,2004-01-14,1.263,0.06815831531446837,1.285,1.263,0.0046296032222023905,000961
9,2004-01-15,1.275,0.06740622355927424,1.285,1.265,0.004584282315439941,000961
10,2004-01-16,1.268,0.06881639560026323,1.293,1.268,0.003920044534791263,000961
11,2004-01-29,1.285,0.07220080849863683,1.326,1.273,0.005803344703660902,000961
12,2004-01-30,1.321,0.07285888878443171,1.333,1.316,0.009930399221185627,000961
13,2004-02-02,1.336,0.07379900347842439,1.361,1.318,0.00976635076162458,000961
14,2004-02-03,1.343,0.07690138196860016,1.374,1.333,0.013151204130860643,000961
15,2004-02-04,1.369,0.07690138196860016,1.374,1.341,0.018490502158758203,000961
16,2004-02-05,1.371,0.07972172605057817,1.404,1.354,0.02208094599147988,000961
17,2004-02-06,1.404,0.08094387515276863,1.432,1.386,0.03563935120995932,000961
18,2004-02-09,1.429,0.08310613894895177,1.452,1.411,0.02236447389531327,000961
19,2004-02-10,1.437,0.08094387515276863,1.449,1.409,0.015857235617586545,000961
20,2004-02-11,1.434,0.08000376045877597,1.434,1.384,0.014354761998347083,000961
21,2004-02-12,1.406,0.08094387515276863,1.422,1.399,0.009668151142423906,000961
22,2004-02-13,1.417,0.07831155400958917,1.422,1.384,0.008584228282963,000961
23,2004-02-16,1.386,0.08047381780577231,1.414,1.386,0.007507740074539927,000961
24,2004-02-17,1.411,0.08357619629594809,1.452,1.411,0.013198527920945403,000961
25,2004-02-18,1.444,0.08545642568393344,1.482,1.429,0.015112098203456442,000961
26,2004-02-19,1.474,0.08404625364294444,1.474,1.439,0.009225475037254925,000961
27,2004-02-20,1.447,0.08761868948011658,1.487,1.437,0.012967736129443148,000961
28,2004-02-23,1.492,0.08564444862273196,1.51,1.462,0.017990824901691488,000961
29,2004-02-24,1.467,0.08216602425495911,1.467,1.404,0.010693795930846312,000961
30,2004-02-25,1.429,0.08094387515276863,1.487,1.411,0.0131849225743644,000961
31,2004-02-26,1.422,0.08498636833693712,1.457,1.406,0.01379070079292919,000961
32,2004-02-27,1.474,0.08545642568393344,1.48,1.427,0.009344358153806713,000961
33,2004-03-01,1.462,0.08921688445990411,1.507,1.444,0.020621200549783048,000961
34,2004-03-02,1.5,0.08733665507191876,1.5,1.464,0.010077906068324222,000961
35,2004-03-03,1.477,0.08329416188775032,1.477,1.432,0.009904368219818634,000961
36,2004-03-04,1.434,0.08329416188775032,1.444,1.404,0.006991573059635157,000961
37,2004-03-05,1.439,0.08169596690796277,1.442,1.417,0.004657202824747372,000961
38,2004-03-08,1.424,0.07784149666259282,1.432,1.374,0.005185017675672182,000961
39,2004-03-09,1.379,0.07718341637679799,1.399,1.366,0.003800986409017138,000961
40,2004-03-10,1.374,0.07953370311177965,1.409,1.374,0.0030749055546527094,000961
41,2004-03-11,1.396,0.08094387515276863,1.422,1.396,0.0035849018740143086,000961
42,2004-03-12,1.411,0.08000376045877597,1.417,1.391,0.00444632967547638,000961
43,2004-03-15,1.414,0.08451631098994078,1.457,1.414,0.009282664162021101,000961
44,2004-03-16,1.449,0.08423427658174298,1.459,1.432,0.0068422318565735385,000961
45,2004-03-17,1.449,0.08592648303092978,1.474,1.437,0.008593905644775976,000961
46,2004-03-18,1.464,0.08169596690796277,1.469,1.411,0.00631479943320865,000961
47,2004-03-19,1.411,0.08404625364294444,1.449,1.411,0.004920377804205179,000961
48,2004-03-22,1.459,0.0847043339287393,1.472,1.444,0.005861635738345501,000961
49,2004-03-23,1.449,0.08376421923474664,1.452,1.424,0.004835161276572752,000961
50,2004-03-24,1.444,0.08282410454075398,1.444,1.427,0.004597129288724148,000961
51,2004-03-25,1.432,0.08263608160195543,1.449,1.427,0.0039971587836117525,000961
52,2004-03-26,1.427,0.08000376045877597,1.427,1.394,0.007262636417744266,000961
53,2004-03-29,1.401,0.08000376045877597,1.422,1.396,0.005673811951838706,000961
54,2004-03-30,1.399,0.08047381780577231,1.417,1.386,0.005791249621850444,000961
55,2004-03-31,1.411,0.08188398984676129,1.427,1.386,0.006066681728694948,000961
56,2004-04-01,1.414,0.08263608160195543,1.449,1.414,0.005430892669410742,000961
57,2004-04-02,1.424,0.08310613894895177,1.442,1.424,0.006559507698798291,000961
58,2004-04-05,1.437,0.08188398984676129,1.442,1.411,0.005262423606529902,000961
59,2004-04-06,1.422,0.0847043339287393,1.454,1.414,0.009226959374733274,000961
60,2004-04-07,1.454,0.08404625364294444,1.464,1.437,0.009347080519487523,000961
61,2004-04-08,1.447,0.08235404719375763,1.447,1.427,0.004708247181262574,000961
62,2004-04-09,1.429,0.07906364576478331,1.437,1.386,0.00848265811577656,000961
63,2004-04-12,1.386,0.07878161135658551,1.399,1.376,0.004342076033547427,000961
64,2004-04-13,1.394,0.07831155400958917,1.401,1.386,0.003966279378603698,000961
65,2004-04-14,1.394,0.07643132462160385,1.396,1.351,0.005005386913500019,000961
66,2004-04-15,1.366,0.07332894613142804,1.376,1.331,0.004253916758250505,000961
67,2004-04-16,1.328,0.07285888878443171,1.348,1.303,0.0042249106001037715,000961
68,2004-04-19,1.328,0.0717307511516405,1.338,1.316,0.0026232197154448566,000961
69,2004-04-20,1.318,0.0703205791106515,1.326,1.296,0.003012647644261787,000961
70,2004-04-21,1.311,0.07191877409043904,1.321,1.288,0.005078151859054262,000961
71,2004-04-22,1.326,0.07577324433580898,1.361,1.311,0.0067034106523213375,000961
72,2004-04-23,1.361,0.07144871674344269,1.369,1.311,0.008577636268921609,000961
73,2004-04-26,1.301,0.07097865939644638,1.323,1.301,0.0024769444146856743,000961
74,2004-04-27,1.311,0.0703205791106515,1.323,1.296,0.0031480205186516274,000961
75,2004-04-29,1.301,0.06787628090627056,1.306,1.273,0.0038133796546878772,000961
76,2004-04-30,1.285,0.06768825796747202,1.285,1.263,0.0021007523685359236,000961
77,2004-05-10,1.273,0.06458587947729623,1.278,1.24,0.0012229061092893442,000961
78,2004-05-11,1.24,0.0655259941712889,1.26,1.235,0.0011024479097365173,000961
79,2004-05-12,1.273,0.06787628090627056,1.28,1.235,0.0022857371165470155,000961
80,2004-05-13,1.275,0.06646610886528156,1.275,1.255,0.0011387526006370438,000961
81,2004-05-14,1.255,0.0643978565384977,1.26,1.235,0.0013179750079570858,000961
82,2004-05-17,1.238,0.06336373037510577,1.24,1.21,0.0013746844778175938,000961
83,2004-05-18,1.227,0.06646610886528156,1.265,1.217,0.0016210844992231663,000961
84,2004-05-19,1.26,0.06599605151828522,1.273,1.24,0.0023106662079955824,000961
85,2004-05-20,1.26,0.06533797123249037,1.273,1.24,0.0007701961420396628,000961
86,2004-05-21,1.235,0.06627808592648303,1.273,1.235,0.0009936634734959292,000961
87,2004-05-24,1.26,0.06627808592648303,1.263,1.245,0.0012928125708787349,000961
88,2004-05-25,1.26,0.06364576478330355,1.26,1.227,0.0019206095423428458,000961
89,2004-05-26,1.23,0.0641158221302999,1.235,1.217,0.001399814505780697,000961
90,2004-05-27,1.235,0.06627808592648303,1.268,1.222,0.002853752234025132,000961
91,2004-05-28,1.255,0.0669361662122779,1.273,1.248,0.0032470238839104456,000961
92,2004-05-31,1.265,0.0669361662122779,1.265,1.25,0.0011644206199132594,000961
93,2004-06-01,1.26,0.06815831531446837,1.285,1.255,0.00330709093811062,000961
94,2004-06-02,1.275,0.06646610886528156,1.278,1.258,0.0027843967273949526,000961
95,2004-06-03,1.263,0.06458587947729623,1.265,1.238,0.0016700676360086111,000961
96,2004-06-04,1.235,0.06505593682429257,1.25,1.23,0.0010082475753574152,000961
97,2004-06-07,1.23,0.0624236156811131,1.24,1.21,0.0014366118152329892,000961
98,2004-06-08,1.212,0.06007332894613142,1.22,1.19,0.00137618177894204,000961
99,2004-06-09,1.19,0.05866315690514243,1.212,1.175,0.0025193809101910747,000961
100,2004-06-10,1.177,0.05866315690514243,1.192,1.162,0.0014199340845264985,000961
101,2004-06-11,1.177,0.05941524866033657,1.195,1.172,0.001556856114625181,000961
102,2004-06-14,1.185,0.052270376985992295,1.187,1.104,0.003535037209294125,000961
103,2004-06-15,1.119,0.05415060637397763,1.137,1.089,0.0018651121733926036,000961
104,2004-06-16,1.129,0.05509072106797029,1.177,1.114,0.003967031270077447,000961
105,2004-06-17,1.132,0.054902698129171756,1.139,1.119,0.0018758525541857068,000961
106,2004-06-18,1.139,0.05697095045595563,1.164,1.139,0.014510714660919242,000961
107,2004-06-21,1.154,0.05678292751715709,1.159,1.124,0.0020744037578395054,000961
108,2004-06-22,1.157,0.05650089310895928,1.162,1.139,0.002458905501138778,000961
109,2004-06-23,1.154,0.05462066372097395,1.154,1.109,0.0018051747556534197,000961
110,2004-06-24,1.124,0.053210491679984956,1.134,1.114,0.0010412011637413246,000961
111,2004-06-25,1.121,0.05133026229199962,1.129,1.096,0.0014139319163826158,000961
112,2004-06-28,1.109,0.048697941148820145,1.111,1.068,0.0009371679037960562,000961
113,2004-06-29,1.068,0.049826078781611355,1.094,1.058,0.0012417876598326818,000961
114,2004-06-30,1.089,0.04794584939362602,1.089,1.063,0.0003104987695425669,000961
115,2004-07-01,1.063,0.05086020494500329,1.101,1.058,0.002934619458391311,000961
116,2004-07-02,1.096,0.051048227883801825,1.101,1.078,0.0010036973355766316,000961
117,2004-07-05,1.096,0.05057817053680548,1.099,1.078,0.0002631231248734099,000961
118,2004-07-06,1.091,0.05133026229199962,1.119,1.091,0.0009439089997675876,000961
119,2004-07-07,1.099,0.05133026229199962,1.104,1.089,0.0001390091771206371,000961
120,2004-07-08,1.083,0.05086020494500329,1.099,1.083,0.00020323107989557313,000961
121,2004-07-09,1.089,0.049826078781611355,1.099,1.078,0.0004404787671551817,000961
122,2004-07-12,1.076,0.046065620005640684,1.076,1.038,0.0008833946997769941,000961
123,2004-07-13,1.045,0.04625364294443922,1.056,1.04,0.0,000961
124,2004-07-14,1.058,0.04371533327065902,1.058,1.005,0.0014374414885833316,000961
125,2004-07-15,1.02,0.04512550531164801,1.043,1.02,0.0006788607734484613,000961
126,2004-07-16,1.038,0.04888596408761868,1.076,1.028,0.003118949542274398,000961
127,2004-07-19,1.099,0.04794584939362602,1.099,1.053,0.0011002959444840672,000961
128,2004-07-20,1.053,0.047287769107831154,1.068,1.051,0.0009206068459044573,000961
129,2004-07-21,1.063,0.047287769107831154,1.063,1.045,0.0007586455333653655,000961
130,2004-07-22,1.051,0.04437341355645388,1.068,1.02,0.001478711255939813,000961
131,2004-07-23,1.025,0.04390335620945755,1.025,1.008,0.0013860989682078504,000961
132,2004-07-26,1.01,0.043245275923662674,1.033,1.008,0.0007382342725823344,000961
133,2004-07-27,1.013,0.04202312682147222,1.02,1.0,0.0007388241184798434,000961
134,2004-07-29,1.02,0.04371533327065902,1.03,1.008,0.0008841141821354942,000961
135,2004-07-30,1.02,0.045595562658644354,1.048,1.018,0.00243831274931036,000961
136,2004-08-02,1.035,0.04418539061765535,1.035,1.018,0.0011886626381185745,000961
137,2004-08-03,1.025,0.04578358559744289,1.043,1.013,0.0036397445788365467,000961
138,2004-08-04,1.038,0.04794584939362602,1.078,1.033,0.004446089848023547,000961
139,2004-08-05,1.063,0.04653567735263703,1.068,1.048,0.001482289222263164,000961
140,2004-08-06,1.045,0.04747579204662969,1.061,1.038,0.0011347727612846205,000961
141,2004-08-09,1.048,0.04625364294443922,1.056,1.04,0.00020336719817961365,000961
142,2004-08-10,1.038,0.04653567735263703,1.051,1.038,9.602172665602534e-05,000961
143,2004-08-11,1.043,0.04465544796465169,1.048,1.028,0.00026046557742309467,000961
144,2004-08-12,1.023,0.043245275923662674,1.023,1.008,0.00134869884921195,000961
145,2004-08-13,1.013,0.04343329886246121,1.028,1.008,0.0005907144617976386,000961
146,2004-08-16,1.015,0.043245275923662674,1.015,1.0,0.0008997677848001561,000961
147,2004-08-17,1.013,0.04277521857666636,1.013,0.99,0.0005368116213175855,000961
148,2004-08-18,1.008,0.04127103506627808,1.008,0.992,0.0003084310679897605,000961
149,2004-08-19,1.0,0.038638713923098617,1.0,0.962,0.001653986233022679,000961
150,2004-08-20,0.962,0.03967284008649055,0.985,0.957,0.0008193542880474454,000961
151,2004-08-23,0.967,0.04033092037228542,0.987,0.967,0.00039544306060691227,000961
152,2004-08-24,0.982,0.04221114976027075,1.015,0.977,0.0018999973450452784,000961
153,2004-08-25,1.0,0.04221114976027075,1.002,0.99,0.000879609315116057,000961
154,2004-08-26,1.002,0.04202312682147222,1.013,0.992,0.0007154312190940194,000961
155,2004-08-27,1.0,0.04061295478048321,1.01,0.98,0.0007602141345433565,000961
156,2004-08-30,0.992,0.04061295478048321,0.992,0.97,0.0004562166335194878,000961
157,2004-08-31,1.0,0.043245275923662674,1.025,0.995,0.003799540962477089,000961
158,2004-09-01,1.066,0.04465544796465169,1.076,1.018,0.011477260364668401,000961
159,2004-09-02,1.01,0.04512550531164801,1.043,1.0,0.002830313961877961,000961
160,2004-09-03,1.015,0.04437341355645388,1.033,1.015,0.001033286857797825,000961
161,2004-09-06,1.015,0.04371533327065902,1.025,1.01,0.0007859080811117705,000961
162,2004-09-07,1.018,0.04390335620945755,1.025,1.008,0.0008451324983155039,000961
163,2004-09-08,1.015,0.04343329886246121,1.018,1.01,0.0006905086094685019,000961
164,2004-09-09,1.015,0.04343329886246121,1.025,1.013,0.0023052798130414067,000961
165,2004-09-10,1.013,0.04249318416846855,1.015,0.997,0.0010586956041520584,000961
166,2004-09-13,0.997,0.04277521857666636,1.01,0.98,0.002723026826761819,000961
167,2004-09-14,1.01,0.04653567735263703,1.051,1.01,0.008213882841203944,000961
168,2004-09-15,1.038,0.050108113189809164,1.109,1.033,0.012220777323036119,000961
169,2004-09-16,1.101,0.05133026229199962,1.144,1.076,0.01211704222695113,000961
170,2004-09-17,1.083,0.05584281282316443,1.172,1.076,0.0188991162838018,000961
171,2004-09-20,1.149,0.05800507661934755,1.172,1.124,0.016431285312323792,000961
172,2004-09-21,1.167,0.05744100780295196,1.2,1.126,0.015664524536500392,000961
173,2004-09-22,1.19,0.05556077841496662,1.195,1.139,0.009503694328010737,000961
174,2004-09-23,1.144,0.05697095045595563,1.167,1.126,0.006673561857178162,000961
175,2004-09-24,1.172,0.05292845727178716,1.177,1.116,0.011243979553115116,000961
176,2004-09-27,1.139,0.05274043433298864,1.164,1.109,0.0055092190191414975,000961
177,2004-09-28,1.114,0.05725298486415342,1.167,1.114,0.011348900822818175,000961
178,2004-09-29,1.202,0.05866315690514243,1.233,1.172,0.038268216593280335,000961
179,2004-09-30,1.18,0.05556077841496662,1.182,1.139,0.008151981431080747,000961
180,2004-10-08,1.139,0.059885306007332884,1.197,1.129,0.007717498350246398,000961
181,2004-10-11,1.192,0.0596032715991351,1.248,1.167,0.012208072949859,000961
182,2004-10-12,1.185,0.056030835761962966,1.185,1.144,0.005670065458116066,000961
183,2004-10-13,1.144,0.05509072106797029,1.157,1.132,0.0034144169641650594,000961
184,2004-10-14,1.142,0.04747579204662969,1.144,1.043,0.004873254950634954,000961
185,2004-10-15,1.058,0.047287769107831154,1.091,1.045,0.0030493671718374842,000961
186,2004-10-18,1.056,0.04747579204662969,1.066,1.04,0.0015935432330856304,000961
187,2004-10-19,1.081,0.048415906740622364,1.083,1.058,0.0016767439137496472,000961
188,2004-10-20,1.068,0.04512550531164801,1.068,1.013,0.0028947303193443837,000961
189,2004-10-21,1.033,0.04174109241327442,1.043,0.982,0.0032396410874570084,000961
190,2004-10-22,1.0,0.04249318416846855,1.013,0.967,0.003085354253408583,000961
191,2004-10-25,1.028,0.04174109241327442,1.028,0.99,0.002223226415057161,000961
192,2004-10-26,1.01,0.04484347090345023,1.038,0.982,0.0025267053702370656,000961
193,2004-10-27,1.03,0.046065620005640684,1.051,1.015,0.0034895153660171397,000961
194,2004-10-28,1.043,0.04512550531164801,1.063,1.02,0.002903817835259852,000961
195,2004-10-29,1.013,0.04249318416846855,1.025,0.992,0.002666570148000243,000961
196,2004-11-01,1.023,0.043245275923662674,1.038,1.002,0.0005249304396677613,000961
197,2004-11-02,1.005,0.04249318416846855,1.008,0.995,0.000733249750657231,000961
198,2004-11-03,1.0,0.04625364294443922,1.051,0.987,0.0039058947150740963,000961
199,2004-11-04,1.056,0.04371533327065902,1.063,1.005,0.004157227403820376,000961
200,2004-11-05,1.02,0.04390335620945755,1.03,1.008,0.000879466715008967,000961
201,2004-11-08,1.02,0.04296324151546489,1.025,1.0,0.0003638506550634081,000961
202,2004-11-09,1.025,0.043245275923662674,1.025,1.0,0.000591038552950116,000961
203,2004-11-10,1.013,0.046065620005640684,1.051,1.002,0.0036778317710756993,000961
204,2004-11-11,1.051,0.04512550531164801,1.058,1.028,0.005997903104316178,000961
205,2004-11-12,1.038,0.046065620005640684,1.051,1.033,0.002899863923199627,000961
206,2004-11-15,1.051,0.046065620005640684,1.051,1.038,0.0015151844742396273,000961
207,2004-11-16,1.045,0.04747579204662969,1.068,1.043,0.004013142959251942,000961
208,2004-11-17,1.058,0.045595562658644354,1.058,1.033,0.0018600498695909057,000961
209,2004-11-18,1.025,0.046065620005640684,1.048,1.018,0.0010704665948100406,000961
210,2004-11-19,1.051,0.048415906740622364,1.076,1.038,0.006247822755637656,000961
211,2004-11-22,1.076,0.052458399924790816,1.121,1.058,0.010632050084476303,000961
212,2004-11-23,1.101,0.049356021434615024,1.106,1.076,0.004762895431393325,000961
213,2004-11-24,1.063,0.0596032715991351,1.187,1.063,0.04366536489189512,000961
214,2004-11-25,1.185,0.0596032715991351,1.306,1.159,0.07476397219183832,000961
215,2004-11-26,1.162,0.05866315690514243,1.195,1.134,0.02283067253632906,000961
216,2004-11-29,1.154,0.0536805490269813,1.159,1.116,0.013200945640942884,000961
217,2004-11-30,1.121,0.05697095045595563,1.172,1.109,0.01343654046332486,000961
218,2004-12-01,1.159,0.05697095045595563,1.182,1.126,0.010404019549593153,000961
219,2004-12-02,1.157,0.056030835761962966,1.164,1.126,0.007824947530938778,000961
220,2004-12-03,1.142,0.05509072106797029,1.152,1.119,0.009354942970846627,000961
221,2004-12-06,1.139,0.05509072106797029,1.164,1.126,0.005755774604300259,000961
222,2004-12-07,1.152,0.051518285230798155,1.152,1.101,0.006645664090772902,000961
223,2004-12-08,1.101,0.051800319638995965,1.126,1.089,0.0038059255581808955,000961
224,2004-12-09,1.109,0.05537275547616809,1.197,1.096,0.01770623397887797,000961
225,2004-12-10,1.142,0.05274043433298864,1.164,1.114,0.00594767545750522,000961
226,2004-12-13,1.109,0.05274043433298864,1.119,1.091,0.0029175657819479465,000961
227,2004-12-14,1.114,0.052458399924790816,1.147,1.101,0.0030198878406081336,000961
228,2004-12-15,1.111,0.056030835761962966,1.175,1.101,0.012227123027801627,000961
229,2004-12-16,1.152,0.05415060637397763,1.159,1.126,0.005991751854242156,000961
230,2004-12-17,1.119,0.0519883425777945,1.137,1.104,0.0037319874026546847,000961
231,2004-12-20,1.101,0.04747579204662969,1.101,1.051,0.00458760100884131,000961
232,2004-12-21,1.051,0.04822788380182383,1.081,1.051,0.0015646991205151358,000961
233,2004-12-22,1.076,0.05133026229199962,1.101,1.058,0.007080827763027453,000961
234,2004-12-23,1.099,0.048415906740622364,1.099,1.053,0.0036166822524262504,000961
235,2004-12-24,1.068,0.04822788380182383,1.081,1.056,0.0013763114154030308,000961
236,2004-12-27,1.058,0.048697941148820145,1.089,1.058,0.0009173983434949303,000961
237,2004-12-28,1.096,0.04916799849581649,1.096,1.058,0.0018430674932010858,000961
238,2004-12-29,1.081,0.04625364294443922,1.081,1.04,0.0022794756754811506,000961
239,2004-12-30,1.045,0.045313528250446544,1.053,1.023,0.0022042994917524763,000961
240,2004-12-31,1.038,0.04390335620945755,1.043,1.013,0.0017915434817802173,000961
241,2005-01-04,1.018,0.04277521857666636,1.04,0.99,0.001350397086850932,000961
242,2005-01-05,1.01,0.04484347090345023,1.045,1.002,0.0006989933158403622,000961
243,2005-01-06,1.038,0.04465544796465169,1.045,1.013,0.000983772211522317,000961
244,2005-01-07,1.028,0.04465544796465169,1.038,1.013,0.0008143373570070944,000961
245,2005-01-10,1.028,0.046065620005640684,1.045,1.015,0.0013606318854461705,000961
246,2005-01-11,1.043,0.045595562658644354,1.043,1.028,0.0012111804913927091,000961
247,2005-01-12,1.051,0.04484347090345023,1.051,1.02,0.001732941319589241,000961
248,2005-01-13,1.03,0.045595562658644354,1.053,1.013,0.0035484416193605935,000961
249,2005-01-14,1.04,0.04390335620945755,1.043,1.018,0.001027906944666699,000961
250,2005-01-17,1.02,0.04108301212747954,1.02,0.99,0.002120748792643784,000961
251,2005-01-18,0.99,0.04249318416846855,1.008,0.98,0.0016076411982184008,000961
252,2005-01-19,1.01,0.04221114976027075,1.01,0.987,0.0010523434175635001,000961
253,2005-01-20,1.0,0.03920278273949421,1.0,0.967,0.0031587479357986312,000961
254,2005-01-21,0.975,0.04127103506627808,1.002,0.957,0.0015354336894464198,000961
255,2005-01-24,1.043,0.04390335620945755,1.048,1.01,0.0032747725683855665,000961
256,2005-01-25,1.0,0.04249318416846855,1.015,0.987,0.0014273103991568857,000961
257,2005-01-26,1.005,0.04155306947447589,1.013,0.99,0.0004995216933135275,000961
258,2005-01-27,1.0,0.04014289743348688,1.0,0.975,0.001036404614684658,000961
259,2005-01-28,0.97,0.03967284008649055,0.987,0.97,0.0010501525613727525,000961
260,2005-01-31,0.967,0.033468083106138954,0.967,0.906,0.002435758911028837,000961
261,2005-02-01,0.906,0.03365610604493749,0.962,0.904,0.0016371399749169004,000961
262,2005-02-02,0.911,0.03798063363730375,0.967,0.911,0.0032870167321261655,000961
263,2005-02-03,0.957,0.036100404249318416,0.964,0.934,0.0027532126767035705,000961
264,2005-02-04,0.949,0.03816865657610227,0.962,0.932,0.0023352841719377713,000961
265,2005-02-16,0.962,0.04033092037228542,0.987,0.959,0.0035320231615760846,000961
266,2005-02-17,0.977,0.04014289743348688,0.982,0.967,0.002070728564170411,000961
267,2005-02-18,0.98,0.03845069098430008,0.982,0.962,0.0007952159790109236,000961
268,2005-02-21,0.964,0.03967284008649055,0.982,0.959,0.0011706042791025297,000961
269,2005-02-22,0.972,0.04127103506627808,0.997,0.967,0.004753704206309064,000961
270,2005-02-23,1.002,0.04249318416846855,1.015,0.985,0.004560753297770077,000961
271,2005-02-24,1.008,0.04343329886246121,1.03,0.992,0.006554678740626376,000961
272,2005-02-25,1.013,0.04277521857666636,1.028,1.0,0.004380921599083376,000961
273,2005-02-28,1.013,0.04202312682147222,1.013,1.0,0.0022474100968550297,000961
274,2005-03-01,1.013,0.04277521857666636,1.013,0.997,0.0012454758171478756,000961
275,2005-03-02,1.008,0.04061295478048321,1.018,0.985,0.0023559611874658343,000961
276,2005-03-03,0.977,0.04127103506627808,0.997,0.97,0.0021031506430642575,000961
277,2005-03-04,0.99,0.04061295478048321,0.992,0.982,0.0015646731932229376,000961
278,2005-03-07,0.992,0.04108301212747954,1.008,0.982,0.0008062804509565044,000961
279,2005-03-08,0.992,0.04202312682147222,1.002,0.982,0.0019690417241690792,000961
280,2005-03-09,0.995,0.04174109241327442,1.01,0.99,0.0025712030854722224,000961
281,2005-03-10,1.0,0.03920278273949421,1.005,0.964,0.002014446894631173,000961
282,2005-03-11,0.964,0.03892074833129641,0.977,0.962,0.0022808044492063084,000961
283,2005-03-14,0.962,0.03675848453511328,0.964,0.939,0.002031947816864957,000961
284,2005-03-15,0.949,0.035630346902322085,0.952,0.929,0.00205204146831856,000961
285,2005-03-16,0.942,0.035630346902322085,0.944,0.921,0.0008140780840851122,000961
286,2005-03-17,0.932,0.035160289555325755,0.939,0.927,0.0007916509763336712,000961
287,2005-03-18,0.932,0.03365610604493749,0.937,0.911,0.0011672726220550616,000961
288,2005-03-21,0.914,0.03365610604493749,0.916,0.901,0.0011478919711369086,000961
289,2005-03-22,0.911,0.03008367020776534,0.921,0.856,0.0020708387551622532,000961
290,2005-03-23,0.871,0.03036570461596315,0.896,0.863,0.001059499350210203,000961
291,2005-03-24,0.901,0.030553727554761684,0.901,0.863,0.0008092167167979503,000961
292,2005-03-25,0.876,0.03008367020776534,0.886,0.873,0.001081103266434351,000961
293,2005-03-28,0.886,0.02961361286076901,0.886,0.856,0.000974820813890889,000961
294,2005-03-29,0.861,0.02961361286076901,0.873,0.856,0.00048214392571768554,000961
295,2005-03-30,0.873,0.026981291717589534,0.873,0.833,0.0016135591026626393,000961
296,2005-03-31,0.81,0.027263326125787343,0.843,0.81,0.0007831468244926626,000961
297,2005-04-01,0.833,0.029895647268966805,0.886,0.818,0.003805355157752535,000961
298,2005-04-04,0.866,0.027733383472783674,0.866,0.848,0.0010827885404272337,000961
299,2005-04-05,0.858,0.026981291717589534,0.861,0.835,0.00045038299277489326,000961
300,2005-04-06,0.825,0.027733383472783674,0.853,0.823,0.0016806978258098724,000961
301,2005-04-07,0.853,0.028203440819780004,0.871,0.848,0.0030573009232501332,000961
302,2005-04-08,0.861,0.029425589921970474,0.868,0.84,0.0016806718985176742,000961
303,2005-04-11,0.861,0.03083576196295948,0.886,0.861,0.002537834660413142,000961
304,2005-04-12,0.861,0.02632321143179467,0.866,0.823,0.003762238070826932,000961
305,2005-04-13,0.833,0.02801541788098147,0.858,0.833,0.003941110459702298,000961
306,2005-04-14,0.853,0.026981291717589534,0.861,0.835,0.0033167747817466463,000961
307,2005-04-15,0.828,0.022280718247626216,0.835,0.787,0.004812384150376635,000961
308,2005-04-18,0.775,0.019366362696248945,0.792,0.749,0.0037398498540137885,000961
309,2005-04-19,0.749,0.01964839710444674,0.772,0.749,0.002011815274473056,000961
310,2005-04-20,0.765,0.023408855880417412,0.82,0.757,0.00749046601611288,000961
311,2005-04-21,0.787,0.017768167716461405,0.787,0.724,0.00554427920001651,000961
312,2005-04-22,0.742,0.016546018614270935,0.742,0.709,0.004261124545481604,000961
313,2005-04-25,0.724,0.01419573187928927,0.727,0.696,0.002218689138922476,000961
314,2005-04-26,0.699,0.01560590392027826,0.721,0.699,0.00267021293255409,000961
315,2005-04-27,0.711,0.01560590392027826,0.724,0.704,0.0018141196714617984,000961
316,2005-04-28,0.704,0.0163579956754724,0.737,0.696,0.002127224133870284,000961
317,2005-04-29,0.721,0.01513584657328193,0.732,0.714,0.0019332944700508141,000961
318,2005-05-09,0.714,0.011751433674908343,0.716,0.678,0.0015237728897802803,000961
319,2005-05-10,0.691,0.011751433674908343,0.691,0.663,0.0011656975390540209,000961
320,2005-05-11,0.684,0.010153238695120803,0.684,0.661,0.001926942283462256,000961
321,2005-05-12,0.658,0.010153238695120803,0.663,0.638,0.0030993225820803625,000961
322,2005-05-13,0.661,0.011093353389113478,0.676,0.661,0.002070514664009776,000961
323,2005-05-16,0.661,0.011563410736109808,0.676,0.661,0.0017886785159923167,000961
324,2005-05-17,0.676,0.0129735827770988,0.704,0.663,0.0038482194535792054,000961
325,2005-05-18,0.691,0.013255617185296595,0.694,0.676,0.002568156628638934,000961
326,2005-05-19,0.696,0.013255617185296595,0.701,0.684,0.001998566428159777,000961
327,2005-05-23,0.689,0.0081789978377362,0.689,0.633,0.0026291246562429966,000961
328,2005-05-24,0.638,0.010811318980915668,0.671,0.638,0.0020152311952201687,000961
329,2005-05-25,0.663,0.012033468083106139,0.686,0.658,0.0028808851453105463,000961
330,2005-05-26,0.661,0.01344364012409513,0.714,0.661,0.005755424585855583,000961
331,2005-05-27,0.696,0.012785559838300264,0.699,0.658,0.004233686988512861,000961
332,2005-05-30,0.681,0.01419573187928927,0.711,0.681,0.0033255835792709845,000961
333,2005-05-31,0.696,0.01391369747109146,0.711,0.696,0.00230927261603993,000961
334,2005-06-01,0.699,0.015793926859076796,0.727,0.673,0.0077493824378271296,000961
335,2005-06-02,0.724,0.015323869512080465,0.734,0.706,0.005685304224105557,000961
336,2005-06-03,0.729,0.01419573187928927,0.729,0.694,0.0034138076727984017,000961
337,2005-06-06,0.704,0.014383754818087804,0.709,0.689,0.0018552338750650902,000961
338,2005-06-07,0.709,0.01560590392027826,0.721,0.704,0.0054066830603206745,000961
339,2005-06-08,0.721,0.021528626492432076,0.787,0.721,0.01911044964250931,000961
340,2005-06-09,0.782,0.02134060355363354,0.795,0.759,0.015353338693714568,000961
341,2005-06-10,0.8,0.018708282410454066,0.8,0.749,0.007435837211451276,000961
342,2005-06-13,0.754,0.022468741186424737,0.795,0.739,0.009862359524634505,000961
343,2005-06-14,0.785,0.02293879853342108,0.823,0.785,0.0194421699007161,000961
344,2005-06-15,0.808,0.022468741186424737,0.82,0.78,0.03351401328659645,000961
345,2005-06-16,0.785,0.0188963053492526,0.792,0.729,0.017876459615805237,000961
346,2005-06-17,0.785,0.023408855880417412,0.805,0.759,0.02237294563803903,000961
347,2005-06-20,0.8,0.025853154084798338,0.83,0.775,0.024535262361899575,000961
348,2005-06-21,0.82,0.022750775594622547,0.82,0.792,0.011456518530909843,000961
349,2005-06-22,0.787,0.021998683839428407,0.8,0.772,0.005749299263073759,000961
350,2005-06-23,0.78,0.02087054620663721,0.792,0.772,0.002996896814251382,000961
351,2005-06-24,0.772,0.02040048885964088,0.772,0.754,0.004049006886185098,000961
352,2005-06-27,0.772,0.021810660900629872,0.79,0.772,0.0066749424854877165,000961
353,2005-06-28,0.785,0.018708282410454066,0.785,0.741,0.006683887401296095,000961
354,2005-06-29,0.754,0.018238225063457736,0.759,0.744,0.0030308615670310212,000961
355,2005-06-30,0.744,0.016546018614270935,0.744,0.729,0.003190230150350293,000961
356,2005-07-01,0.726,0.011469399266710534,0.726,0.668,0.004595774587706792,000961
357,2005-07-04,0.665,0.011939456613706878,0.68,0.662,0.0027180552684828146,000961
358,2005-07-05,0.685,0.010999341919714203,0.685,0.67,0.0014740573069902366,000961
359,2005-07-06,0.668,0.010811318980915668,0.675,0.662,0.0007621586814582213,000961
360,2005-07-07,0.678,0.011469399266710534,0.688,0.67,0.0014667522924133943,000961
361,2005-07-08,0.675,0.01024725016452007,0.675,0.657,0.001845919495342888,000961
362,2005-07-11,0.675,0.010059227225721536,0.693,0.647,0.001821936750059555,000961
363,2005-07-12,0.652,0.011751433674908343,0.68,0.652,0.002110954758015915,000961
364,2005-07-13,0.678,0.011939456613706878,0.696,0.662,0.002575247743055141,000961
365,2005-07-14,0.68,0.011281376327911999,0.683,0.665,0.0022287294828262283,000961
366,2005-07-15,0.68,0.009307135470527403,0.68,0.647,0.0027037239577202606,000961
367,2005-07-18,0.65,0.005546676694556732,0.65,0.606,0.0031622157111301404,000961
368,2005-07-19,0.612,0.005546676694556732,0.614,0.591,0.0024383581220717068,000961
369,2005-07-20,0.619,0.005734699633355267,0.629,0.606,0.00029287469267084184,000961
370,2005-07-21,0.609,0.007896963429538398,0.65,0.589,0.005360175979940157,000961
371,2005-07-22,0.637,0.007896963429538398,0.652,0.612,0.006484435224238409,000961
372,2005-07-25,0.624,0.0064867913885494,0.634,0.617,0.0023795615051892434,000961
373,2005-07-26,0.629,0.007896963429538398,0.64,0.614,0.004635955408790949,000961
374,2005-07-27,0.634,0.010059227225721536,0.662,0.624,0.009679636932867707,000961
375,2005-07-28,0.66,0.011939456613706878,0.696,0.655,0.0164074257216784,000961
376,2005-07-29,0.68,0.010999341919714203,0.68,0.665,0.005026543583933748,000961
377,2005-08-01,0.662,0.010999341919714203,0.673,0.652,0.0032194177995424145,000961
378,2005-08-02,0.668,0.011469399266710534,0.68,0.652,0.004587853799940242,000961
379,2005-08-03,0.675,0.011751433674908343,0.696,0.675,0.009068025073558321,000961
380,2005-08-04,0.675,0.010999341919714203,0.683,0.668,0.0030191294673113365,000961
381,2005-08-05,0.678,0.01344364012409513,0.698,0.673,0.009794559655536217,000961
382,2005-08-08,0.703,0.01457177775688634,0.719,0.703,0.01854858577510522,000961
383,2005-08-09,0.713,0.0172040989000658,0.744,0.701,0.012141297208802544,000961
384,2005-08-10,0.739,0.017016075961267266,0.747,0.716,0.00898387804672907,000961
385,2005-08-11,0.729,0.0172040989000658,0.739,0.729,0.008135174063913264,000961
386,2005-08-12,0.736,0.014853812165084135,0.747,0.706,0.009464323734807774,000961
387,2005-08-15,0.701,0.016075961267274605,0.726,0.693,0.0044070563096191605,000961
388,2005-08-16,0.719,0.015793926859076796,0.734,0.713,0.005740308974504034,000961
389,2005-08-17,0.721,0.01748613330826361,0.739,0.713,0.010363449819126024,000961
390,2005-08-18,0.739,0.014853812165084135,0.759,0.708,0.013544378553400212,000961
391,2005-08-19,0.706,0.01457177775688634,0.726,0.693,0.0064797747934657824,000961
392,2005-08-22,0.703,0.016546018614270935,0.729,0.698,0.003840739429780026,000961
393,2005-08-23,0.729,0.017016075961267266,0.754,0.706,0.009821958321566663,000961
394,2005-08-24,0.734,0.01748613330826361,0.744,0.721,0.005114774159284216,000961
395,2005-08-25,0.739,0.01842624800225627,0.757,0.731,0.011708661447537317,000961
396,2005-08-26,0.749,0.018238225063457736,0.749,0.741,0.005550890659527051,000961
397,2005-08-29,0.741,0.016546018614270935,0.744,0.721,0.00567807699140531,000961
398,2005-08-30,0.726,0.01767415624706213,0.762,0.721,0.009752071305446421,000961
399,2005-08-31,0.739,0.01795619065525994,0.744,0.724,0.007162738560904609,000961
400,2005-09-01,0.736,0.01964839710444674,0.77,0.736,0.019415263853237424,000961
401,2005-09-02,0.762,0.02011845445144307,0.77,0.754,0.008950905012876011,000961
402,2005-09-05,0.764,0.02087054620663721,0.777,0.757,0.009423164158443135,000961
403,2005-09-06,0.767,0.01748613330826361,0.775,0.736,0.009081721165662018,000961
404,2005-09-07,0.739,0.019366362696248945,0.759,0.734,0.0066721358561072615,000961
405,2005-09-08,0.764,0.02011845445144307,0.777,0.757,0.011442802993336996,000961
406,2005-09-09,0.77,0.0188963053492526,0.775,0.741,0.0048855704144290975,000961
407,2005-09-12,0.767,0.021998683839428407,0.79,0.767,0.01978313323859155,000961
408,2005-09-13,0.79,0.022750775594622547,0.798,0.775,0.01284165818930636,000961
409,2005-09-14,0.79,0.022468741186424737,0.798,0.785,0.009448624759381765,000961
410,2005-09-15,0.8,0.022750775594622547,0.8,0.785,0.006634132927567753,000961
411,2005-09-16,0.792,0.021810660900629872,0.792,0.78,0.005882286826581365,000961
412,2005-09-19,0.785,0.023502867349816672,0.803,0.782,0.008343311883857346,000961
413,2005-09-20,0.803,0.022280718247626216,0.803,0.785,0.008398141625033485,000961
414,2005-09-21,0.787,0.01964839710444674,0.79,0.762,0.009982104723651882,000961
415,2005-09-22,0.762,0.016546018614270935,0.772,0.719,0.009238775738152601,000961
416,2005-09-23,0.716,0.015323869512080465,0.734,0.713,0.006107458877499663,000961
417,2005-09-26,0.713,0.015793926859076796,0.726,0.713,0.0019622682190823,000961
418,2005-09-27,0.724,0.01269154836890099,0.726,0.688,0.005093027642952977,000961
419,2005-09-28,0.688,0.012409513960703208,0.698,0.683,0.0022250413255110344,000961
420,2005-09-29,0.691,0.01391369747109146,0.701,0.688,0.0031553384968745686,000961
421,2005-09-30,0.711,0.014101720409889995,0.713,0.696,0.002111272367345343,000961
422,2005-10-10,0.696,0.013161605715897334,0.706,0.683,0.0019743308917775115,000961
423,2005-10-11,0.693,0.01504183510388267,0.713,0.688,0.002377111376076514,000961
424,2005-10-12,0.721,0.015793926859076796,0.724,0.703,0.00346345843735795,000961
425,2005-10-13,0.721,0.014383754818087804,0.724,0.706,0.001265796332408213,000961
426,2005-10-14,0.706,0.01344364012409513,0.713,0.691,0.0021410433806119235,000961
427,2005-10-17,0.703,0.011939456613706878,0.703,0.678,0.003598422956895669,000961
428,2005-10-18,0.683,0.014101720409889995,0.708,0.683,0.0037460529586722064,000961
429,2005-10-19,0.698,0.01560590392027826,0.719,0.698,0.005923673266752738,000961
430,2005-10-20,0.716,0.014383754818087804,0.716,0.691,0.0029770105811353646,000961
431,2005-10-21,0.708,0.015323869512080465,0.719,0.701,0.003897675763447268,000961
432,2005-10-25,0.711,0.0129735827770988,0.711,0.683,0.0037217590858824954,000961
433,2005-10-26,0.685,0.009777192817523733,0.696,0.655,0.005121832864585175,000961
434,2005-10-27,0.655,0.008649055184732538,0.665,0.637,0.005167847326413926,000961
435,2005-10-28,0.652,0.007426906082542067,0.655,0.624,0.004193765440350686,000961
436,2005-10-31,0.632,0.008837078123531066,0.652,0.622,0.0041363948245391234,000961
437,2005-11-01,0.642,0.0081789978377362,0.645,0.624,0.0013507730325878057,000961
438,2005-11-02,0.634,0.009589169878725205,0.66,0.634,0.0033308921923485653,000961
439,2005-11-03,0.655,0.009119112531728868,0.657,0.645,0.001982770225388025,000961
440,2005-11-04,0.647,0.009777192817523733,0.66,0.645,0.0021165226440154777,000961
441,2005-11-07,0.66,0.010999341919714203,0.67,0.655,0.0027769750400032187,000961
442,2005-11-08,0.668,0.010999341919714203,0.673,0.665,0.001587294755665865,000961
443,2005-11-09,0.67,0.01024725016452007,0.678,0.66,0.0028464666649174386,000961
444,2005-11-10,0.668,0.013161605715897334,0.729,0.668,0.037709256582602435,000961
445,2005-11-11,0.701,0.013631663062893665,0.711,0.68,0.009324750639081825,000961
446,2005-11-14,0.696,0.013631663062893665,0.706,0.688,0.0037788380196568288,000961
447,2005-11-15,0.701,0.01269154836890099,0.701,0.683,0.0028415599248689297,000961
448,2005-11-16,0.688,0.0129735827770988,0.698,0.627,0.009544173312955173,000961
449,2005-11-17,0.675,0.011469399266710534,0.68,0.665,0.004708324963139168,000961
450,2005-11-18,0.668,0.01269154836890099,0.691,0.668,0.006488628963751467,000961
451,2005-11-21,0.688,0.012221491021904674,0.693,0.678,0.00471736710629329,000961
452,2005-11-22,0.678,0.010999341919714203,0.683,0.668,0.003075203718512989,000961
453,2005-11-23,0.662,0.010999341919714203,0.678,0.657,0.002223206969588012,000961
454,2005-11-24,0.665,0.010999341919714203,0.683,0.662,0.004012643858877126,000961
455,2005-11-25,0.665,0.010999341919714203,0.678,0.665,0.0021846725315584404,000961
456,2005-11-28,0.67,0.010999341919714203,0.675,0.662,0.0020744815397161,000961
457,2005-11-29,0.665,0.009307135470527403,0.67,0.65,0.0032159500242109054,000961
458,2005-11-30,0.655,0.008837078123531066,0.655,0.642,0.003287068586710562,000961
459,2005-12-01,0.647,0.008649055184732538,0.65,0.637,0.003056075858693768,000961
460,2005-12-02,0.64,0.008367020776534735,0.65,0.64,0.002138949751766919,000961
461,2005-12-05,0.642,0.007426906082542067,0.642,0.629,0.0032600717937091885,000961
462,2005-12-06,0.642,0.0081789978377362,0.642,0.627,0.0015317196048390282,000961
463,2005-12-07,0.637,0.008649055184732538,0.645,0.634,0.0011919035496433493,000961
464,2005-12-08,0.645,0.008367020776534735,0.645,0.634,0.0013792282357753278,000961
465,2005-12-09,0.645,0.009589169878725205,0.655,0.637,0.0031724310642562304,000961
466,2005-12-12,0.65,0.009119112531728868,0.655,0.647,0.0015318946140613662,000961
467,2005-12-13,0.65,0.009307135470527403,0.655,0.64,0.0016345018729357337,000961
468,2005-12-14,0.652,0.009589169878725205,0.67,0.647,0.002476276786911571,000961
469,2005-12-15,0.655,0.009589169878725205,0.66,0.65,0.002509975784946178,000961
470,2005-12-16,0.652,0.009589169878725205,0.655,0.65,0.0008118224096638691,000961
471,2005-12-19,0.652,0.009777192817523733,0.66,0.647,0.0027969909095802276,000961
472,2005-12-20,0.655,0.009589169878725205,0.655,0.647,0.0027475799724735123,000961
473,2005-12-21,0.655,0.008367020776534735,0.655,0.642,0.000812716901244707,000961
474,2005-12-22,0.64,0.008649055184732538,0.647,0.637,0.001136808053722179,000961
475,2005-12-23,0.65,0.008837078123531066,0.652,0.64,0.002534353921435534,000961
476,2005-12-26,0.652,0.01024725016452007,0.662,0.647,0.0043578657544961295,000961
477,2005-12-27,0.662,0.009589169878725205,0.665,0.65,0.0015650037661984646,000961
478,2005-12-28,0.655,0.01024725016452007,0.662,0.652,0.00245327279690872,000961
479,2005-12-29,0.662,0.011281376327911999,0.68,0.657,0.010331954640928263,000961
480,2005-12-30,0.68,0.011751433674908343,0.685,0.673,0.01589989897689868,000961
481,2006-01-04,0.678,0.012409513960703208,0.685,0.668,0.0052325877750328265,000961
482,2006-01-05,0.688,0.01269154836890099,0.688,0.675,0.005119116980727413,000961
483,2006-01-06,0.685,0.01269154836890099,0.696,0.68,0.008763282162883754,000961
484,2006-01-09,0.688,0.0129735827770988,0.696,0.683,0.006186854728033594,000961
485,2006-01-10,0.691,0.0129735827770988,0.691,0.683,0.006018268992337862,000961
486,2006-01-11,0.688,0.01344364012409513,0.713,0.683,0.011555774687267595,000961
487,2006-01-12,0.693,0.014101720409889995,0.706,0.685,0.007908841766669096,000961
488,2006-01-13,0.703,0.013631663062893665,0.706,0.693,0.005875655921601676,000961
489,2006-01-16,0.701,0.015323869512080465,0.731,0.698,0.018394253568295445,000961
490,2006-01-17,0.726,0.016075961267274605,0.726,0.706,0.019197461635126464,000961
491,2006-01-18,0.719,0.01626398420607314,0.731,0.719,0.012168585683841148,000961
492,2006-01-19,0.726,0.01673404155306947,0.736,0.719,0.01187434332650685,000961
493,2006-01-20,0.731,0.016546018614270935,0.736,0.721,0.0067525428710369225,000961
494,2006-01-23,0.734,0.01626398420607314,0.734,0.716,0.007866308043817953,000961
495,2006-01-24,0.726,0.016075961267274605,0.729,0.716,0.00720704182144828,000961
496,2006-01-25,0.726,0.015323869512080465,0.726,0.708,0.008060244189460473,000961
497,2006-02-06,0.719,0.0172040989000658,0.739,0.716,0.010811078037104859,000961
498,2006-02-07,0.736,0.016546018614270935,0.736,0.724,0.009390826343248932,000961
499,2006-02-08,0.729,0.0205885117984394,0.79,0.729,0.029030691846976295,000961
500,2006-02-09,0.772,0.021058569145435746,0.79,0.762,0.02739187307988956,000961
501,2006-02-10,0.777,0.021810660900629872,0.787,0.775,0.016788712480745097,000961
502,2006-02-23,0.792,0.02040048885964088,0.8,0.752,0.016222862292165532,000961
503,2006-02-24,0.775,0.019836420043245276,0.775,0.757,0.007062620322081269,000961
504,2006-02-27,0.764,0.019836420043245276,0.77,0.759,0.00576208789995052,000961
505,2006-02-28,0.764,0.019366362696248945,0.764,0.752,0.006551398938163304,000961
506,2006-03-01,0.759,0.02011845445144307,0.775,0.757,0.00634287220883625,000961
507,2006-03-02,0.767,0.02040048885964088,0.782,0.759,0.013189505223260432,000961
508,2006-03-03,0.772,0.019836420043245276,0.785,0.759,0.021135487836003452,000961
509,2006-03-21,0.573,0.003572435837172129,0.594,0.571,0.03902417217008013,000961
510,2006-03-22,0.586,0.005734699633355267,0.617,0.584,0.0377825206285315,000961
511,2006-03-23,0.614,0.005734699633355267,0.629,0.601,0.032139121390441276,000961
512,2006-03-24,0.612,0.004512550531164797,0.614,0.594,0.0190149659071664,000961
513,2006-03-27,0.594,0.005546676694556732,0.612,0.594,0.011881901132182624,000961
514,2006-03-28,0.612,0.005546676694556732,0.614,0.604,0.015735947744683378,000961
515,2006-03-29,0.612,0.006016734041553062,0.627,0.612,0.029453332637099115,000961
516,2006-03-30,0.614,0.0052646422863589296,0.624,0.604,0.013970571382554187,000961
517,2006-03-31,0.604,0.0052646422863589296,0.612,0.594,0.014032783920183763,000961
518,2006-04-03,0.609,0.0064867913885494,0.622,0.604,0.020771572362709545,000961
519,2006-04-04,0.627,0.007896963429538398,0.642,0.624,0.05391113073173352,000961
520,2006-04-05,0.632,0.007144871674344265,0.634,0.622,0.017639542501521156,000961
521,2006-04-06,0.632,0.0064867913885494,0.637,0.619,0.01630873348392596,000961
522,2006-04-07,0.619,0.00695684873554573,0.627,0.609,0.01674005991693518,000961
523,2006-04-10,0.627,0.007614929021340602,0.637,0.614,0.01987290000600476,000961
524,2006-04-11,0.634,0.007896963429538398,0.642,0.629,0.026445669514762432,000961
525,2006-04-12,0.637,0.007426906082542067,0.64,0.627,0.014903104782869818,000961
526,2006-04-13,0.629,0.0052646422863589296,0.637,0.606,0.018641956436133977,000961
527,2006-04-14,0.604,0.00695684873554573,0.637,0.604,0.017611566953239302,000961
528,2006-04-17,0.624,0.0064867913885494,0.629,0.614,0.014530665712265757,000961
529,2006-04-18,0.617,0.006016734041553062,0.624,0.612,0.012984964815108848,000961
530,2006-04-19,0.617,0.004982607878161127,0.617,0.599,0.014429095545079316,000961
531,2006-04-20,0.606,0.0029143555513772568,0.609,0.581,0.015983533939707015,000961
532,2006-04-21,0.584,0.004042493184168459,0.596,0.576,0.009273077545730818,000961
533,2006-04-24,0.591,0.0018802293879853216,0.591,0.566,0.011817296801847765,000961
534,2006-04-25,0.568,0.0,0.568,0.538,0.014200177000438378,000961
535,2006-04-26,0.55,0.0009401146939926538,0.566,0.543,0.007850291459062516,000961
536,2006-04-27,0.563,0.0031023784901757917,0.596,0.555,0.018103958641198323,000961
537,2006-04-28,0.581,0.0018802293879853216,0.581,0.563,0.01157165515373899,000961
538,2006-05-08,0.573,0.0031023784901757917,0.591,0.573,0.013596058128574272,000961
539,2006-05-09,0.586,0.005546676694556732,0.612,0.581,0.025718979369031343,000961
540,2006-05-10,0.612,0.011281376327911999,0.673,0.599,0.0575526189209704,000961
541,2006-05-11,0.724,0.01748613330826361,0.739,0.688,0.1461260373379972,000961
542,2006-05-12,0.747,0.02011845445144307,0.798,0.736,0.09984878943917087,000961
543,2006-05-15,0.767,0.01964839710444674,0.772,0.713,0.07390763910329319,000961
544,2006-05-16,0.762,0.014383754818087804,0.764,0.701,0.0558975307780293,000961
545,2006-05-17,0.68,0.01457177775688634,0.724,0.68,0.027796753674856615,000961
546,2006-05-18,0.708,0.01560590392027826,0.721,0.688,0.020034122390716204,000961
547,2006-05-19,0.719,0.01767415624706213,0.749,0.716,0.034123369471484595,000961
548,2006-05-22,0.741,0.01964839710444674,0.79,0.726,0.04260882125299551,000961
549,2006-05-23,0.762,0.01504183510388267,0.762,0.711,0.029554507413079533,000961
550,2006-05-24,0.711,0.0129735827770988,0.729,0.675,0.022872046012854336,000961
551,2006-05-25,0.693,0.013161605715897334,0.701,0.675,0.011459915006187808,000961
552,2006-05-29,0.701,0.017016075961267266,0.754,0.701,0.021580082560795095,000961
553,2006-05-30,0.739,0.0172040989000658,0.741,0.713,0.021004204991957875,000961
554,2006-05-31,0.731,0.01795619065525994,0.749,0.721,0.0276761528751967,000961
555,2006-06-01,0.744,0.021058569145435746,0.787,0.744,0.05560420883956804,000961
556,2006-06-02,0.79,0.022750775594622547,0.826,0.775,0.06415307877779573,000961
557,2006-06-05,0.795,0.023972924696813017,0.823,0.77,0.03743046040959522,000961
558,2006-06-06,0.808,0.022468741186424737,0.813,0.785,0.02631315512433744,000961
559,2006-06-07,0.792,0.01504183510388267,0.792,0.713,0.03811720956169498,000961
560,2006-06-08,0.711,0.01560590392027826,0.721,0.678,0.022774838112580242,000961
561,2006-06-09,0.716,0.01391369747109146,0.734,0.698,0.019039869071322768,000961
562,2006-06-12,0.696,0.014383754818087804,0.711,0.688,0.010052289903632402,000961
563,2006-06-13,0.706,0.01344364012409513,0.711,0.688,0.008661679586582066,000961
564,2006-06-14,0.693,0.01269154836890099,0.693,0.678,0.008729161846350924,000961
565,2006-06-15,0.685,0.0129735827770988,0.701,0.683,0.007594765030803179,000961
566,2006-06-16,0.691,0.01457177775688634,0.711,0.691,0.01097189854878723,000961
567,2006-06-19,0.701,0.014853812165084135,0.716,0.696,0.012892773845875108,000961
568,2006-06-20,0.711,0.01457177775688634,0.713,0.696,0.00953097632122629,000961
569,2006-06-21,0.708,0.014101720409889995,0.708,0.693,0.009196429988169896,000961
570,2006-06-22,0.701,0.01344364012409513,0.703,0.691,0.007136506623023084,000961
571,2006-06-23,0.696,0.01391369747109146,0.706,0.688,0.011856323858429104,000961
572,2006-06-26,0.698,0.016075961267274605,0.724,0.696,0.016958251044429114,000961
573,2006-06-27,0.726,0.015793926859076796,0.729,0.706,0.011546382525668796,000961
574,2006-06-28,0.719,0.01673404155306947,0.739,0.711,0.020068190852664636,000961
575,2006-06-29,0.736,0.018708282410454066,0.762,0.726,0.031019645731553587,000961
576,2006-06-30,0.752,0.01795619065525994,0.759,0.731,0.019002702297956652,000961
577,2006-07-03,0.739,0.018238225063457736,0.752,0.736,0.013481965079256104,000961
578,2006-07-04,0.752,0.017016075961267266,0.752,0.729,0.017554585246810712,000961
579,2006-07-05,0.734,0.01626398420607314,0.736,0.716,0.011542091558809996,000961
580,2006-07-06,0.721,0.01917833975745041,0.757,0.719,0.02950934855189332,000961
581,2006-07-07,0.777,0.02632321143179467,0.833,0.772,0.060826749788874056,000961
582,2006-07-10,0.859,0.031869888126351414,0.917,0.841,0.1729259384824175,000961
583,2006-07-11,0.882,0.02876750963617561,0.887,0.848,0.05507043071143764,000961
584,2006-07-12,0.856,0.029707624330168284,0.91,0.843,0.05058620829841359,000961
585,2006-07-13,0.882,0.021998683839428407,0.894,0.782,0.06159341333735172,000961
586,2006-07-14,0.772,0.023972924696813017,0.823,0.757,0.036627077333541855,000961
587,2006-07-17,0.79,0.024442982043809333,0.815,0.79,0.020337893027933342,000961
588,2006-07-18,0.81,0.03205791106514995,0.894,0.798,0.08279294806690775,000961
589,2006-07-19,0.917,0.035724358371721346,0.963,0.902,0.13389480483438215,000961
590,2006-07-20,0.907,0.03544232396352355,0.966,0.894,0.05336235366506647,000961
591,2006-07-21,0.943,0.03948481714769202,1.012,0.943,0.08060346602264655,000961
592,2006-07-24,0.943,0.037792610698505216,0.968,0.92,0.046113620757763485,000961
593,2006-07-25,0.945,0.035724358371721346,0.963,0.925,0.03277577253219107,000961
594,2006-07-26,0.933,0.03544232396352355,0.955,0.92,0.022438431496308628,000961
595,2006-07-27,0.933,0.034032151922534545,0.948,0.892,0.03414673644357822,000961
596,2006-07-28,0.917,0.04070696624988249,0.991,0.892,0.06935811880486797,000961
597,2006-07-31,0.989,0.03835667951490081,1.045,0.955,0.06779706895072973,000961
598,2006-08-01,0.943,0.036194415718717676,0.981,0.922,0.0287644185561008,000961
599,2006-08-02,0.93,0.03252796841214628,0.943,0.892,0.025933151766234556,000961
600,2006-08-03,0.892,0.034032151922534545,0.94,0.892,0.019007369210552325,000961
601,2006-08-04,0.915,0.029707624330168284,0.93,0.866,0.017338059947840514,000961
602,2006-08-07,0.869,0.03045971608536241,0.899,0.854,0.017228977347739646,000961
603,2006-08-08,0.882,0.03450220926953089,0.92,0.871,0.01979476811096549,000961
604,2006-08-09,0.922,0.03158785371815362,0.93,0.871,0.01905136782541267,000961
605,2006-08-10,0.874,0.03666447306571401,0.968,0.874,0.03580310798748314,000961
606,2006-08-11,0.943,0.03497226661652722,0.953,0.922,0.026053823865948022,000961
607,2006-08-14,0.925,0.035160289555325755,0.953,0.894,0.020718719577563518,000961
608,2006-08-15,0.938,0.03807464510670301,0.963,0.925,0.040999553117191674,000961
609,2006-08-16,0.958,0.03854470245369934,0.966,0.938,0.024843291556860266,000961
610,2006-08-17,0.966,0.036194415718717676,0.966,0.91,0.019324207203037354,000961
611,2006-08-18,0.93,0.03422017486133308,0.943,0.912,0.015733387424578804,000961
612,2006-08-21,0.877,0.03328006016734042,0.91,0.856,0.02139640065921696,000961
613,2006-08-22,0.91,0.03158785371815362,0.91,0.874,0.03927764386043277,000961
614,2006-08-23,0.887,0.029425589921970474,0.887,0.861,0.02932524533181697,000961
615,2006-08-24,0.866,0.029425589921970474,0.882,0.856,0.0202399073088933,000961
616,2006-08-25,0.866,0.03045971608536241,0.894,0.866,0.018886723038131062,000961
617,2006-08-28,0.892,0.031399830779355084,0.892,0.869,0.024084911778239928,000961
618,2006-08-29,0.889,0.031869888126351414,0.905,0.882,0.022278375839746102,000961
619,2006-08-30,0.887,0.030647739024160944,0.889,0.869,0.015000688628880784,000961
620,2006-08-31,0.879,0.031399830779355084,0.889,0.869,0.017342052750839037,000961
621,2006-09-01,0.879,0.029425589921970474,0.889,0.851,0.017833193446949495,000961
622,2006-09-04,0.859,0.028955532574974144,0.869,0.851,0.01335886877772211,000961
623,2006-09-05,0.864,0.03205791106514995,0.905,0.861,0.031194914226813406,000961
624,2006-09-06,0.887,0.03205791106514995,0.897,0.877,0.015335079398183989,000961
625,2006-09-07,0.894,0.029895647268966805,0.899,0.859,0.013127344540215252,000961
626,2006-09-08,0.871,0.029425589921970474,0.874,0.864,0.008041408011678481,000961
627,2006-09-11,0.879,0.030177681677164614,0.879,0.859,0.007426684877305313,000961
628,2006-09-12,0.884,0.030177681677164614,0.884,0.866,0.009051081588106798,000961
629,2006-09-13,0.874,0.028485475227977813,0.874,0.854,0.012725789120472616,000961
630,2006-09-14,0.854,0.026605245839992478,0.856,0.82,0.020858474164334853,000961
631,2006-09-15,0.836,0.026605245839992478,0.843,0.818,0.01693999174889853,000961
632,2006-09-18,0.836,0.02876750963617561,0.859,0.836,0.012683845243518982,000961
633,2006-09-19,0.859,0.02801541788098147,0.859,0.843,0.011417374801513615,000961
634,2006-09-20,0.846,0.028955532574974144,0.871,0.843,0.013175685976518792,000961
635,2006-09-21,0.861,0.02829745228917928,0.871,0.841,0.013484953199681944,000961
636,2006-09-22,0.856,0.026793268778791013,0.859,0.838,0.009288057038798325,000961
637,2006-09-25,0.833,0.02632321143179467,0.838,0.826,0.010501402459089586,000961
638,2006-09-26,0.841,0.024442982043809333,0.841,0.808,0.011816156000991045,000961
639,2006-09-27,0.81,0.024913039390805664,0.82,0.808,0.00523987334414052,000961
640,2006-09-28,0.815,0.026135188492996134,0.836,0.815,0.007251837700543716,000961
641,2006-09-29,0.831,0.026605245839992478,0.838,0.826,0.00957844919324119,000961
642,2006-10-09,0.843,0.02754536053398514,0.851,0.836,0.012766883878606756,000961
643,2006-10-10,0.848,0.029895647268966805,0.879,0.836,0.025656714976817374,000961
644,2006-10-11,0.871,0.028955532574974144,0.871,0.851,0.012864195488049644,000961
645,2006-10-12,0.861,0.030647739024160944,0.902,0.856,0.031587959012891985,000961
646,2006-10-13,0.879,0.029707624330168284,0.884,0.866,0.014454828382586028,000961
647,2006-10-16,0.879,0.029425589921970474,0.882,0.859,0.019170497251240336,000961
648,2006-10-17,0.877,0.02801541788098147,0.877,0.841,0.013396930042669062,000961
649,2006-10-18,0.854,0.02876750963617561,0.864,0.843,0.0075603659958792205,000961
650,2006-10-19,0.864,0.028955532574974144,0.866,0.854,0.007663543655181949,000961
651,2006-10-20,0.869,0.02754536053398514,0.869,0.843,0.0077344612811670686,000961
652,2006-10-23,0.848,0.023502867349816672,0.848,0.79,0.015487363348910104,000961
653,2006-10-24,0.803,0.025383096737802008,0.823,0.8,0.009720640945479156,000961
654,2006-10-25,0.823,0.024442982043809333,0.828,0.805,0.008267312508601379,000961
655,2006-10-26,0.81,0.023032810002820342,0.81,0.79,0.01755301664563272,000961
656,2006-10-27,0.792,0.02040048885964088,0.795,0.762,0.02069106812043414,000961
657,2006-10-30,0.77,0.022750775594622547,0.803,0.762,0.015016692249990122,000961
658,2006-10-31,0.795,0.022468741186424737,0.795,0.782,0.008579153015515203,000961
659,2006-11-01,0.79,0.022468741186424737,0.8,0.787,0.007566770037052174,000961
660,2006-11-02,0.792,0.023220832941618877,0.808,0.79,0.010838949876217922,000961
661,2006-11-03,0.803,0.023220832941618877,0.803,0.792,0.011214266876255981,000961
662,2006-11-06,0.8,0.0251010623296042,0.826,0.792,0.01811834828836832,000961
663,2006-11-07,0.813,0.023032810002820342,0.82,0.79,0.010969701210773434,000961
664,2006-11-08,0.798,0.02134060355363354,0.798,0.777,0.009640661730870767,000961
665,2006-11-09,0.78,0.021998683839428407,0.79,0.78,0.006156085514017384,000961
666,2006-11-10,0.79,0.019836420043245276,0.79,0.762,0.011931085205482606,000961
667,2006-11-13,0.764,0.017016075961267266,0.777,0.731,0.011460517815731415,000961
668,2006-11-14,0.731,0.017016075961267266,0.741,0.713,0.007352234657758187,000961
669,2006-11-15,0.739,0.01842624800225627,0.754,0.734,0.008503335131304622,000961
670,2006-11-16,0.754,0.01842624800225627,0.764,0.749,0.014664450540008455,000961
671,2006-11-17,0.749,0.01767415624706213,0.749,0.731,0.007273577735051905,000961
672,2006-11-20,0.739,0.017016075961267266,0.747,0.724,0.008123027127518409,000961
673,2006-11-21,0.734,0.017016075961267266,0.736,0.719,0.008186607329811439,000961
674,2006-11-22,0.734,0.01795619065525994,0.752,0.721,0.010706791986060657,000961
675,2006-11-23,0.744,0.019366362696248945,0.762,0.729,0.015335578498558806,000961
676,2006-11-24,0.752,0.01917833975745041,0.759,0.741,0.011095837487317664,000961
677,2006-11-27,0.757,0.02011845445144307,0.772,0.747,0.010837134965764047,000961
678,2006-11-28,0.775,0.019836420043245276,0.775,0.757,0.010677157091078117,000961
679,2006-11-29,0.762,0.02087054620663721,0.78,0.747,0.014350289540442892,000961
680,2006-11-30,0.775,0.021810660900629872,0.79,0.767,0.025845277691151813,000961
681,2006-12-01,0.785,0.021810660900629872,0.798,0.78,0.01872940271089545,000961
682,2006-12-04,0.79,0.023032810002820342,0.803,0.79,0.017411511966638007,000961
683,2006-12-05,0.803,0.023032810002820342,0.81,0.79,0.020249759679928616,000961
684,2006-12-06,0.798,0.021528626492432076,0.798,0.764,0.025323834472284715,000961
685,2006-12-07,0.78,0.021998683839428407,0.8,0.775,0.024058135367222244,000961
686,2006-12-08,0.785,0.018708282410454066,0.785,0.749,0.01814430798968177,000961
687,2006-12-11,0.747,0.02040048885964088,0.772,0.747,0.012128262262649899,000961
688,2006-12-12,0.77,0.019836420043245276,0.775,0.754,0.010762133791257712,000961
689,2006-12-13,0.764,0.019366362696248945,0.77,0.749,0.00988645894273273,000961
690,2006-12-14,0.759,0.02040048885964088,0.775,0.757,0.01345305614845511,000961
691,2006-12-15,0.77,0.02134060355363354,0.785,0.77,0.01616400733887562,000961
692,2006-12-18,0.78,0.021810660900629872,0.787,0.777,0.02135905239480546,000961
693,2006-12-19,0.782,0.024913039390805664,0.82,0.764,0.03911255182736074,000961
694,2006-12-20,0.818,0.025665131145999803,0.833,0.798,0.04608860092079222,000961
695,2006-12-21,0.826,0.023690890288615207,0.828,0.805,0.025836261475289894,000961
696,2006-12-22,0.803,0.023690890288615207,0.81,0.792,0.018760048770273718,000961
697,2006-12-25,0.805,0.025383096737802008,0.838,0.805,0.03679639551524219,000961
698,2006-12-26,0.828,0.023972924696813017,0.828,0.803,0.01525741419440429,000961
699,2006-12-27,0.808,0.023220832941618877,0.815,0.8,0.013128005686166306,000961
700,2006-12-28,0.803,0.021810660900629872,0.803,0.775,0.016497736962227776,000961
701,2006-12-29,0.785,0.022280718247626216,0.8,0.78,0.017666636521868274,000961
702,2007-01-04,0.792,0.024442982043809333,0.836,0.785,0.04497635897642784,000961
703,2007-01-05,0.805,0.025665131145999803,0.841,0.803,0.034764499552961625,000961
704,2007-01-08,0.823,0.027263326125787343,0.854,0.82,0.03991325142867158,000961
705,2007-01-09,0.854,0.031399830779355084,0.905,0.843,0.06436404915441248,000961
706,2007-01-10,0.882,0.03092977343235874,0.887,0.861,0.04361115740573173,000961
707,2007-01-11,0.884,0.031399830779355084,0.917,0.871,0.05294920874571123,000961
708,2007-01-12,0.887,0.02632321143179467,0.897,0.833,0.03608865822010799,000961
709,2007-01-15,0.833,0.029895647268966805,0.871,0.828,0.02900285889880153,000961
710,2007-01-16,0.871,0.03205791106514995,0.894,0.859,0.03773407548305916,000961
711,2007-01-17,0.894,0.03092977343235874,0.917,0.864,0.05044649908440361,000961
712,2007-01-18,0.887,0.03591238131051988,0.945,0.879,0.08807084378505695,000961
713,2007-01-19,0.93,0.03666447306571401,0.955,0.917,0.07303381805616038,000961
714,2007-01-22,0.943,0.03976685155588981,0.976,0.933,0.07241817450291417,000961
715,2007-01-23,0.973,0.044561436495252404,1.045,0.953,0.10205806048920237,000961
716,2007-01-24,1.024,0.04380934474005828,1.042,1.004,0.06261562275955786,000961
717,2007-01-25,1.029,0.04023690890288614,1.029,0.976,0.05349924976787295,000961
718,2007-01-26,0.963,0.03882673686189715,0.981,0.915,0.051114788004458254,000961
719,2007-01-29,0.958,0.04164708094387515,0.999,0.958,0.038536220530910055,000961
720,2007-01-30,0.996,0.04625364294443922,1.06,0.973,0.07786795520469131,000961
721,2007-01-31,1.045,0.04117702359687882,1.052,0.966,0.05066578563999291,000961
722,2007-02-01,0.968,0.039014759800695686,0.981,0.93,0.03204114215322428,000961
723,2007-02-05,0.94,0.037792610698505216,0.976,0.938,0.022247716816721736,000961
724,2007-02-06,0.968,0.03995487449468835,0.981,0.955,0.022058246647160353,000961
725,2007-02-07,0.989,0.03976685155588981,0.991,0.963,0.028202937116256634,000961
726,2007-02-08,0.981,0.04098900065808028,0.999,0.973,0.027072085857916987,000961
727,2007-02-09,0.991,0.04051894331108395,0.994,0.968,0.02370509639300548,000961
728,2007-02-12,0.984,0.04409137914825609,1.032,0.984,0.044354797518737395,000961
729,2007-02-13,1.022,0.04427940208705462,1.032,1.004,0.03167796560775803,000961
730,2007-02-14,1.022,0.04578358559744289,1.045,1.017,0.039995479835878166,000961
731,2007-02-15,1.042,0.0502961361286077,1.096,1.037,0.06283295828640925,000961
732,2007-02-16,1.103,0.05123625082260036,1.134,1.091,0.060051523752147944,000961
733,2007-02-26,1.108,0.05800507661934755,1.17,1.108,0.062536103754386,000961
734,2007-02-27,1.175,0.048415906740622364,1.251,1.057,0.10951010874010056,000961
735,2007-02-28,1.047,0.05847513396634389,1.175,1.047,0.07088617617968401,000961
736,2007-03-01,1.218,0.06204756980351604,1.249,1.172,0.11052547335716639,000961
737,2007-03-02,1.215,0.06082542070132556,1.246,1.172,0.06971480056363859,000961
738,2007-03-06,1.223,0.06204756980351604,1.236,1.177,0.06072076550019088,000961
739,2007-03-07,1.208,0.07351696907022656,1.335,1.208,0.12097221460247913,000961
740,2007-03-08,1.384,0.07661934756040237,1.427,1.333,0.16068462674396042,000961
741,2007-03-09,1.366,0.08959293033750118,1.506,1.363,0.16336161966342433,000961
742,2007-03-12,1.536,0.09607972172605059,1.603,1.503,0.1556999492551037,000961
743,2007-03-13,1.572,0.0934474005828711,1.572,1.511,0.08641213230303113,000961
744,2007-03-14,1.547,0.09560966437905424,1.605,1.478,0.08369366867969619,000961
745,2007-03-15,1.57,0.09485757262386013,1.59,1.544,0.056498233729146294,000961
746,2007-03-16,1.559,0.08667857478612392,1.559,1.427,0.0933279004421018,000961
747,2007-03-19,1.414,0.08385823070414591,1.478,1.389,0.0583833876994081,000961
748,2007-03-20,1.46,0.08761868948011658,1.511,1.417,0.07190157320586507,000961
749,2007-03-21,1.478,0.08912287299050484,1.503,1.455,0.05512692628113751,000961
750,2007-03-22,1.511,0.09410548086866599,1.605,1.501,0.09823812122958835,000961
751,2007-03-23,1.544,0.09363542352166965,1.587,1.506,0.061655418456643706,000961
752,2007-03-26,1.549,0.09701983642004325,1.592,1.549,0.06741128380646666,000961
753,2007-03-27,1.582,0.10247250164520072,1.666,1.549,0.10078677405267118,000961
754,2007-03-28,1.654,0.09748989376703959,1.682,1.511,0.09693780270761823,000961
755,2007-03-29,1.592,0.08696060919432172,1.592,1.478,0.07097636426559543,000961
756,2007-03-30,1.475,0.08865281564350852,1.521,1.46,0.04069138132212389,000961
757,2007-04-02,1.498,0.09363542352166965,1.564,1.485,0.049375455607342154,000961
758,2007-04-03,1.549,0.09391745792986744,1.577,1.531,0.04397326445039482,000961
759,2007-04-04,1.549,0.09363542352166965,1.567,1.516,0.056154048925215215,000961
760,2007-04-05,1.554,0.10087430666541317,1.654,1.536,0.10034632769463124,000961
761,2007-04-06,1.59,0.09937012315502491,1.643,1.585,0.07400606558630059,000961
762,2007-04-09,1.62,0.11450596972830684,1.771,1.62,0.10392699045637115,000961
763,2007-04-10,1.827,0.13124001128137633,1.949,1.776,0.27085258866900586,000961
764,2007-04-11,1.982,0.14421359405847517,2.143,1.977,0.2125924074621236,000961
765,2007-04-12,2.089,0.14487167434426998,2.273,2.089,0.15471109529431054,000961
766,2007-04-13,2.064,0.1358465732819404,2.097,1.972,0.10878992634471123,000961
767,2007-04-16,1.987,0.13941900911911254,2.089,1.977,0.08078065961935209,000961
768,2007-04-17,2.051,0.14129923850709789,2.059,1.939,0.09537684359900268,000961
769,2007-04-18,2.064,0.15953746357055562,2.263,2.064,0.156234894111383,000961
770,2007-04-19,2.166,0.142051330262292,2.191,2.026,0.10434805616349294,000961
771,2007-04-20,2.064,0.1525806148350099,2.217,2.059,0.11008850125628102,000961
772,2007-04-23,2.219,0.16555419761210868,2.37,2.184,0.12568706027960613,000961
773,2007-04-24,2.329,0.16621227789790358,2.415,2.268,0.1377512432395882,000961
774,2007-04-25,2.319,0.1592554291623578,2.319,2.168,0.08884413175669123,000961
775,2007-04-26,2.268,0.16047757826454825,2.311,2.217,0.06460880279276346,000961
776,2007-04-27,2.26,0.15540095891698788,2.291,2.191,0.06181573986795127,000961
777,2007-04-30,2.206,0.15643508508037982,2.278,2.194,0.07743090532192932,000961
778,2007-05-08,2.268,0.1691266334492808,2.375,2.222,0.11995163859968146,000961
779,2007-05-09,2.357,0.1697847137350757,2.392,2.242,0.10924679116053566,000961
780,2007-05-10,2.364,0.18539061765535395,2.584,2.352,0.1408960682194764,000961
781,2007-05-11,2.484,0.17918586067500236,2.52,2.415,0.08315207995479108,000961
782,2007-05-14,2.395,0.1756134248378302,2.507,2.214,0.08014214171256402,000961
783,2007-05-15,2.421,0.16339193381592554,2.464,2.28,0.08013088278592695,000961
784,2007-05-16,2.263,0.1671523925918962,2.367,2.237,0.062976167684866,000961
785,2007-05-18,2.4,0.16790448434709035,2.413,2.334,0.06972294821521187,000961
786,2007-05-21,2.237,0.17147692018426247,2.408,2.222,0.08638640594734746,000961
787,2007-05-22,2.395,0.1937576384318887,2.614,2.382,0.2069699898852448,000961
788,2007-05-23,2.632,0.1945097301870828,2.663,2.545,0.13236638447747534,000961
789,2007-05-24,2.629,0.19037322553351507,2.663,2.505,0.10942032900904126,000961
790,2007-05-25,2.576,0.1920654319827019,2.622,2.53,0.09292211239190781,000961
791,2007-05-28,2.596,0.19902228071824762,2.724,2.586,0.1361686024328719,000961
792,2007-05-29,2.675,0.19620193663626964,2.721,2.586,0.0845195696090237,000961
793,2007-05-30,2.4,0.17128889724546395,2.573,2.375,0.08249878349145005,000961
794,2007-05-31,2.268,0.14900817899783772,2.293,2.138,0.10224871683238182,000961
795,2007-06-01,2.115,0.12888972454639466,2.212,1.924,0.07996779363617723,000961
796,2007-06-04,1.809,0.11093353389113472,1.86,1.733,0.03463514181036177,000961
797,2007-06-05,1.559,0.10754912099276112,1.697,1.559,0.10076460621784171,000961
798,2007-06-06,1.702,0.11187364858512741,1.784,1.631,0.08363445074431551,000961
799,2007-06-07,1.745,0.118078405565479,1.814,1.712,0.07281345551794484,000961
800,2007-06-08,1.817,0.12099276111685628,1.901,1.786,0.07348449921279555,000961
801,2007-06-11,1.857,0.118078405565479,1.87,1.789,0.06546136994211679,000961
802,2007-06-12,1.829,0.1177963711572812,1.829,1.628,0.09338939997919594,000961
803,2007-06-13,1.814,0.13218012597536902,1.987,1.809,0.1219327883693071,000961
804,2007-06-14,1.964,0.13368430948575727,2.028,1.86,0.1176083623399236,000961
805,2007-06-15,1.936,0.13960703205791106,2.089,1.898,0.14218687790703283,000961
806,2007-06-18,2.046,0.140641158221303,2.089,2.038,0.10068570946768261,000961
807,2007-06-19,2.069,0.1403591238131052,2.077,1.962,0.08687603637868739,000961
808,2007-06-20,2.051,0.1369747109147316,2.14,1.975,0.08144044438756572,000961
809,2007-06-21,2.003,0.13199210303657047,2.038,1.913,0.05152283172907349,000961
810,2007-06-22,2.153,0.15041835103882675,2.153,2.153,0.06102973455949375,000961
811,2007-06-25,2.283,0.1516405001410172,2.37,2.102,0.25470271170437825,000961
812,2007-06-26,2.102,0.1369747109147316,2.189,1.949,0.11200036033750696,000961
813,2007-06-27,2.01,0.1358465732819404,2.026,1.855,0.07938597223560358,000961
814,2007-06-28,2.013,0.12024066936166214,2.036,1.829,0.06439020979224046,000961
815,2007-06-29,1.756,0.10303657046159631,1.778,1.649,0.06293560443622191,000961
816,2007-07-02,1.598,0.10830121274795526,1.715,1.598,0.04058172183977162,000961
817,2007-07-03,1.707,0.10895929303375013,1.733,1.633,0.028675455534745736,000961
818,2007-07-04,1.715,0.09937012315502491,1.73,1.608,0.024748916213258827,000961
819,2007-07-05,1.605,0.08432828805114223,1.605,1.45,0.04093733409773905,000961
820,2007-07-06,1.437,0.09410548086866599,1.57,1.363,0.046032922060796594,000961
821,2007-07-09,1.582,0.09843000846103225,1.618,1.529,0.0410883540929705,000961
822,2007-07-10,1.603,0.08931089592930336,1.603,1.491,0.03274451069962309,000961
823,2007-07-11,1.488,0.0934474005828711,1.592,1.465,0.021892227713392245,000961
824,2007-07-12,1.547,0.09457553821566231,1.585,1.539,0.017439837533364536,000961
825,2007-07-13,1.559,0.10134436401240951,1.666,1.549,0.05074495462672011,000961
826,2007-07-16,1.605,0.09222525148068064,1.605,1.519,0.027679666023289553,000961
827,2007-07-17,1.529,0.09391745792986744,1.575,1.496,0.015380024359209566,000961
828,2007-07-18,1.552,0.09269530882767696,1.575,1.521,0.01791107255088983,000961
829,2007-07-19,1.529,0.0934474005828711,1.57,1.519,0.013338989026429141,000961
830,2007-07-20,1.564,0.10106232960421171,1.641,1.539,0.046944221008801905,000961
831,2007-07-23,1.628,0.11619817617749365,1.789,1.628,0.0859911638232551,000961
832,2007-07-24,1.789,0.11328382062611639,1.873,1.74,0.08217038840846767,000961
833,2007-07-25,1.75,0.11930055466766948,1.822,1.75,0.043155647290924644,000961
834,2007-07-26,1.822,0.13650465356773525,2.005,1.822,0.10012851899469723,000961
835,2007-07-27,2.013,0.14487167434426998,2.153,1.913,0.12418655713457373,000961
836,2007-07-31,2.191,0.16452007144871675,2.303,2.14,0.1977469455316334,000961
837,2007-08-01,2.347,0.18614270941054809,2.533,2.334,0.31890074192502266,000961
838,2008-05-29,2.28,0.1623578076525336,2.28,2.28,0.012341935559478297,000961
839,2008-05-30,2.069,0.1411112155682993,2.204,2.054,0.18994607149150067,000961
840,2008-06-02,2.043,0.1437435367114788,2.122,1.982,0.10296449158809746,000961
841,2008-06-03,2.056,0.14082918116010154,2.128,2.01,0.05980992027979905,000961
842,2008-06-04,2.028,0.1352825044655448,2.064,1.906,0.07604654996412182,000961
843,2008-06-05,1.992,0.15399078687599888,2.191,1.952,0.11390637929616529,000961
844,2008-06-06,2.191,0.16480210585691454,2.395,2.166,0.19165734407663526,000961
845,2008-06-10,2.212,0.14327347936448248,2.212,2.077,0.06375363643236726,000961
846,2008-06-11,1.957,0.12522327723982327,2.051,1.87,0.09572882603606236,000961
847,2008-06-12,1.885,0.12644542634201372,1.967,1.796,0.061708342541843285,000961
848,2008-06-13,1.885,0.10877127009495158,1.916,1.71,0.06934662005077807,000961
849,2008-06-16,1.646,0.09269530882767696,1.717,1.539,0.06279097551851731,000961
850,2008-06-17,1.521,0.07831155400958917,1.559,1.386,0.05520282194722469,000961
851,2008-06-18,1.353,0.09128513678668798,1.524,1.353,0.07314656936810729,000961
852,2008-06-19,1.544,0.07859358841778696,1.615,1.373,0.09683078780907016,000961
853,2008-06-20,1.424,0.07643132462160385,1.485,1.254,0.07414996853982364,000961
854,2008-06-23,1.338,0.06853436119206543,1.353,1.266,0.039853949229591255,000961
855,2008-06-24,1.259,0.07445708376421922,1.363,1.259,0.04021169400734199,000961
856,2008-06-25,1.34,0.08714863213312024,1.48,1.305,0.0658972336512607,000961
857,2008-06-26,1.478,0.08790072388831438,1.549,1.434,0.07786720331321756,000961
858,2008-06-27,1.412,0.0739870264172229,1.432,1.34,0.03704940051433525,000961
859,2008-06-30,1.348,0.07135470527404345,1.376,1.279,0.02529377825880395,000961
860,2008-07-01,1.325,0.07492714111121557,1.422,1.287,0.04623343077501136,000961
861,2008-07-02,1.371,0.07708940490739871,1.396,1.315,0.03557819520948682,000961
862,2008-07-03,1.356,0.08432828805114223,1.491,1.325,0.05521698473058795,000961
863,2008-07-04,1.45,0.08714863213312024,1.529,1.404,0.058173078468742416,000961
864,2008-07-07,1.628,0.10106232960421171,1.628,1.608,0.04965773900115003,000961
865,2008-07-08,1.692,0.10895929303375013,1.781,1.62,0.13029792455137226,000961
866,2008-07-09,1.659,0.10989940772774279,1.763,1.659,0.08046636898332553,000961
867,2008-07-10,1.684,0.10369465074739118,1.748,1.633,0.07264733287500795,000961
868,2008-07-11,1.656,0.11281376327912004,1.809,1.656,0.08611158313186962,000961
869,2008-07-14,1.756,0.11572811883049733,1.845,1.753,0.06432027740335886,000961
870,2008-07-15,1.832,0.10416470809438752,1.832,1.631,0.061231092392528004,000961
871,2008-07-16,1.626,0.08912287299050484,1.631,1.496,0.06495887309202353,000961
872,2008-07-17,1.559,0.09457553821566231,1.636,1.529,0.05551684682850621,000961
873,2008-07-18,1.529,0.09871204286923005,1.61,1.465,0.039336071013401405,000961
874,2008-07-21,1.613,0.10444674250258532,1.727,1.567,0.044576689767192625,000961
875,2008-07-24,1.829,0.11995863495346432,1.829,1.786,0.01872823598274653,000961
876,2008-07-25,2.008,0.12052270376985993,2.008,1.832,0.10892398989084505,000961
877,2008-07-28,1.804,0.11883049732067313,1.891,1.778,0.06172589531866146,000961
878,2008-07-29,1.778,0.12052270376985993,1.847,1.753,0.04152383537455448,000961
879,2008-07-30,1.873,0.11591614176929585,1.875,1.761,0.030689001455973024,000961
880,2008-07-31,1.784,0.10491679984958166,1.796,1.666,0.03718477338872509,000961
881,2008-08-01,1.669,0.11093353389113472,1.768,1.643,0.02514013960706048,000961
882,2008-08-04,1.727,0.103976685155589,1.761,1.643,0.019399175968428443,000961
883,2008-08-05,1.674,0.09890006580802857,1.694,1.582,0.01712086702109621,000961
884,2008-08-06,1.61,0.09673780201184545,1.631,1.531,0.02081723032427057,000961
885,2008-08-07,1.59,0.10059227225721537,1.623,1.536,0.015204464181912519,000961
886,2008-08-08,1.623,0.08818275829651218,1.654,1.478,0.02293570399702396,000961
887,2008-08-11,1.501,0.0742690608254207,1.516,1.343,0.01863458012150359,000961
888,2008-08-12,1.34,0.07332894613142804,1.368,1.274,0.020736337172612192,000961
889,2008-08-13,1.338,0.08094387515276863,1.414,1.279,0.024373093631022896,000961
890,2008-08-14,1.414,0.08075585221397011,1.442,1.363,0.02127775737011801,000961
891,2008-08-15,1.412,0.07953370311177965,1.427,1.361,0.017834224056814372,000961
892,2008-08-18,1.409,0.06637209739588229,1.412,1.259,0.03776849396345227,000961
893,2008-08-19,1.223,0.06656012033468083,1.274,1.172,0.020788288984354333,000961
894,2008-08-20,1.231,0.07643132462160385,1.376,1.22,0.03374048818394771,000961
895,2008-08-21,1.335,0.06750023502867349,1.353,1.256,0.03298746887298935,000961
896,2008-08-22,1.271,0.0646798909466955,1.271,1.195,0.019549625563231532,000961
897,2008-08-25,1.236,0.06345774184450503,1.264,1.223,0.009465030253520175,000961
898,2008-08-26,1.223,0.0519883425777945,1.223,1.106,0.025091798170756942,000961
899,2008-08-27,1.101,0.0536805490269813,1.129,1.057,0.016379741855433776,000961
900,2008-08-28,1.126,0.051048227883801825,1.136,1.085,0.010176358478623828,000961
901,2008-08-29,1.101,0.05480868665977248,1.172,1.101,0.018852868476343265,000961
902,2008-09-01,1.134,0.05001410172040989,1.134,1.065,0.011715169197879065,000961
903,2008-09-02,1.083,0.05433862931277615,1.134,1.063,0.015018429378567401,000961
904,2008-09-03,1.126,0.05584281282316443,1.159,1.106,0.025549959351191292,000961
905,2008-09-04,1.147,0.05650089310895928,1.18,1.131,0.016043406539215706,000961
906,2008-09-05,1.119,0.048133872332424554,1.119,1.065,0.017912012415232017,000961
907,2008-09-08,1.065,0.03976685155588981,1.08,0.958,0.020974421015045194,000961
908,2008-09-09,0.981,0.04117702359687882,0.999,0.95,0.012054959325782544,000961
909,2008-09-10,0.976,0.04145905800507661,1.014,0.963,0.011757171411240145,000961
910,2008-09-11,0.994,0.03835667951490081,0.994,0.953,0.01135342513530676,000961
911,2008-09-12,0.953,0.03807464510670301,0.984,0.943,0.007033996591494459,000961
912,2008-09-16,0.966,0.03835667951490081,0.981,0.95,0.015531938846021857,000961
913,2008-09-17,0.963,0.03450220926953089,0.973,0.905,0.011853232028834468,000961
914,2008-09-18,0.905,0.029895647268966805,0.905,0.828,0.018158989318889,000961
915,2008-09-19,0.955,0.03807464510670301,0.958,0.912,0.015460275810386037,000961
916,2008-09-22,1.014,0.04315126445426341,1.055,0.966,0.04236188972209987,000961
917,2008-09-23,0.966,0.03450220926953089,0.986,0.912,0.027852140852815014,000961
918,2008-09-24,0.912,0.03497226661652722,0.93,0.884,0.015630864429404083,000961
919,2008-09-25,0.925,0.039014759800695686,0.981,0.915,0.032180358748682504,000961
920,2008-09-26,0.968,0.04333928739306195,1.029,0.963,0.03504204473412029,000961
921,2008-10-06,0.968,0.03882673686189715,1.001,0.945,0.02114292896886433,000961
922,2008-10-07,0.935,0.04023690890288614,0.994,0.912,0.01800923976097526,000961
923,2008-10-08,0.968,0.04145905800507661,1.014,0.945,0.026612109767028762,000961
924,2008-10-09,0.996,0.03732255335150887,1.017,0.948,0.01958907393831109,000961
925,2008-10-10,0.912,0.028485475227977813,0.912,0.856,0.02251828107445603,000961
926,2008-10-13,0.836,0.031399830779355084,0.889,0.828,0.01553260647379596,000961
927,2008-10-14,0.917,0.02801541788098147,0.935,0.843,0.02112044352470544,000961
928,2008-10-15,0.854,0.028485475227977813,0.869,0.841,0.00898862274120134,000961
929,2008-10-16,0.815,0.022468741186424737,0.828,0.785,0.016009033431583945,000961
930,2008-10-17,0.81,0.02707530318698881,0.859,0.805,0.017035034720274077,000961
931,2008-10-20,0.848,0.031399830779355084,0.907,0.815,0.015043838124921634,000961
932,2008-10-21,0.887,0.02829745228917928,0.899,0.848,0.017370002371828692,000961
933,2008-10-22,0.843,0.025383096737802008,0.869,0.823,0.008876493684267184,000961
934,2008-10-23,0.823,0.02876750963617561,0.861,0.815,0.011612471193482002,000961
935,2008-10-24,0.856,0.025383096737802008,0.856,0.815,0.010485586810848683,000961
936,2008-10-27,0.792,0.018708282410454066,0.818,0.749,0.016770628194436855,000961
937,2008-10-28,0.749,0.02040048885964088,0.78,0.729,0.015312989345231126,000961
938,2008-10-29,0.782,0.01795619065525994,0.787,0.744,0.01097504223296626,000961
939,2008-10-30,0.752,0.0188963053492526,0.77,0.739,0.012396596773255148,000961
940,2008-10-31,0.752,0.01748613330826361,0.77,0.734,0.010962765660110415,000961
941,2008-11-03,0.739,0.018708282410454066,0.754,0.734,0.010124652976157573,000961
942,2008-11-04,0.752,0.01748613330826361,0.752,0.721,0.006932588469884257,000961
943,2008-11-05,0.734,0.021998683839428407,0.813,0.734,0.022724111365394473,000961
944,2008-11-06,0.764,0.023220832941618877,0.815,0.759,0.03063922105495248,000961
945,2008-11-07,0.798,0.025665131145999803,0.826,0.785,0.038723324835058345,000961
946,2008-11-10,0.877,0.03328006016734042,0.907,0.866,0.08293198965314365,000961
947,2008-11-11,0.894,0.033092037228541885,0.961,0.889,0.08201585526514338,000961
948,2008-11-12,0.892,0.033092037228541885,0.922,0.861,0.04281391909792936,000961
949,2008-11-13,0.871,0.03638243865751621,0.955,0.866,0.06478046091258467,000961
950,2008-11-14,0.945,0.04117702359687882,1.001,0.897,0.08055806085218446,000961
951,2008-11-17,0.991,0.04239917269906929,1.006,0.958,0.05563718187342109,000961
952,2008-11-18,0.994,0.033092037228541885,1.05,0.905,0.06545449920968427,000961
953,2008-11-19,0.887,0.03807464510670301,0.968,0.882,0.042920253405057215,000961
954,2008-11-20,0.927,0.04258719563786782,1.045,0.922,0.08107689837818564,000961
955,2008-11-21,0.994,0.04145905800507661,1.034,0.917,0.062305992554303934,000961
956,2008-11-24,0.984,0.03450220926953089,0.996,0.917,0.029556516778224892,000961
957,2008-11-25,0.935,0.03422017486133308,0.945,0.879,0.022377022704737196,000961
958,2008-11-26,0.907,0.03666447306571401,0.963,0.897,0.029461428434088003,000961
959,2008-11-27,1.017,0.037792610698505216,1.034,0.955,0.051237560214839765,000961
960,2008-11-28,0.943,0.03544232396352355,0.953,0.902,0.024473574851937015,000961
961,2008-12-01,0.927,0.03713453041271034,0.948,0.892,0.02754188191072528,000961
962,2008-12-02,0.93,0.03854470245369934,0.981,0.91,0.03585840441991884,000961
963,2008-12-03,0.966,0.04192911535207296,1.009,0.966,0.0477168024617238,000961
964,2008-12-04,1.019,0.04192911535207296,1.07,0.991,0.07527965307001436,000961
965,2008-12-05,0.994,0.04625364294443922,1.045,0.994,0.05673047744901165,000961
966,2008-12-08,1.07,0.051518285230798155,1.106,1.055,0.0702315379789717,000961
967,2008-12-09,1.103,0.052176365516593035,1.147,1.07,0.07445412808642375,000961
968,2008-12-10,1.096,0.05386857196577981,1.149,1.096,0.0513140133177092,000961
969,2008-12-11,1.111,0.048133872332424554,1.141,1.06,0.040774251429812385,000961
970,2008-12-12,1.063,0.04380934474005828,1.085,1.001,0.04304134682326889,000961
971,2008-12-15,1.057,0.05339851461878349,1.121,1.04,0.06365831474260057,000961
972,2008-12-16,1.139,0.06392779919150138,1.233,1.136,0.10720421963569249,000961
973,2008-12-17,1.279,0.07549120992761119,1.356,1.249,0.13288940926116655,000961
974,2008-12-18,1.363,0.07972172605057817,1.491,1.358,0.17453175180653596,000961
975,2008-12-22,1.325,0.07304691172323025,1.376,1.299,0.12093496356541336,000961
976,2008-12-23,1.33,0.07332894613142804,1.386,1.302,0.10491307019689912,000961
977,2008-12-24,1.302,0.06637209739588229,1.302,1.223,0.08423790198840551,000961
978,2008-12-25,1.246,0.06562000564068815,1.287,1.223,0.06056139691687161,000961
979,2008-12-26,1.246,0.0694744758860581,1.335,1.205,0.09201846199510097,000961
980,2008-12-29,1.246,0.0632697189057065,1.279,1.198,0.039630611534595975,000961
981,2009-01-05,1.277,0.06562000564068815,1.317,1.226,0.043013870375361855,000961
982,2009-01-06,1.261,0.07737143931559648,1.376,1.243,0.038734907852847895,000961
983,2009-01-07,1.427,0.07784149666259282,1.475,1.376,0.09595318785909948,000961
984,2009-01-08,1.348,0.07069662498824857,1.376,1.287,0.04019870443395069,000961
985,2009-01-09,1.305,0.07473911817241705,1.376,1.299,0.03586565757991129,000961
986,2009-01-12,1.345,0.0739870264172229,1.371,1.33,0.02436963233751444,000961
987,2009-01-13,1.34,0.07643132462160385,1.401,1.317,0.04369413770441207,000961
988,2009-01-14,1.345,0.07812353107079062,1.396,1.343,0.03856020975801643,000961
989,2009-01-15,1.371,0.07737143931559648,1.424,1.368,0.040820771473839,000961
990,2009-01-16,1.384,0.07643132462160385,1.409,1.358,0.0348390081089162,000961
991,2009-01-19,1.371,0.0742690608254207,1.386,1.325,0.0256857989168407,000961
992,2009-01-20,1.343,0.07520917551941336,1.366,1.325,0.015886818657984688,000961
993,2009-01-21,1.35,0.07445708376421922,1.358,1.322,0.01565976039655897,000961
994,2009-01-22,1.345,0.07492714111121557,1.363,1.333,0.014243242232779585,000961
995,2009-01-23,1.35,0.08451631098994078,1.485,1.338,0.07204241025708569,000961
996,2009-02-03,1.491,0.09222525148068064,1.58,1.468,0.06552207221497583,000961
997,2009-02-04,1.542,0.0917551941336843,1.567,1.503,0.04921619073319168,000961
998,2009-02-05,1.536,0.08884083858230704,1.603,1.478,0.04709498821293442,000961
999,2009-02-06,1.503,0.09457553821566231,1.572,1.503,0.054510666954701595,000961
1000,2009-02-09,1.572,0.09560966437905424,1.595,1.557,0.05833854644755132,000961
1001,2009-02-10,1.552,0.09532762997085645,1.57,1.503,0.06687309155683951,000961
1002,2009-02-11,1.529,0.09626774466484911,1.605,1.524,0.061538791014513164,000961
1003,2009-02-12,1.575,0.10369465074739118,1.694,1.575,0.0703915352991268,000961
1004,2009-02-13,1.669,0.10538685719657798,1.684,1.631,0.05110271236811694,000961
1005,2009-02-16,1.697,0.11572811883049733,1.784,1.682,0.06504501003852899,000961
1006,2009-02-17,1.771,0.10134436401240951,1.771,1.618,0.06742822081009513,000961
1007,2009-02-18,1.605,0.09410548086866599,1.656,1.536,0.03862441221532222,000961
1008,2009-02-19,1.57,0.09767791670583811,1.636,1.554,0.03038119912481907,000961
1009,2009-02-20,1.58,0.10087430666541317,1.638,1.58,0.024705189834966567,000961
1010,2009-02-23,1.641,0.10613894895177212,1.712,1.618,0.03376457463839984,000961
1011,2009-02-24,1.659,0.09626774466484911,1.707,1.57,0.043920418147071844,000961
1012,2009-02-25,1.595,0.09824198552223373,1.62,1.536,0.028947931930279648,000961
1013,2009-02-26,1.603,0.08696060919432172,1.636,1.44,0.029360532376498712,000961
1014,2009-02-27,1.478,0.07445708376421922,1.511,1.333,0.04182365209971138,000961
1015,2009-03-02,1.348,0.08122590956096645,1.429,1.325,0.027539373445205104,000961
1016,2009-03-04,1.404,0.09081507943969164,1.521,1.404,0.026974767766651052,000961
1017,2009-03-05,1.529,0.09485757262386013,1.6,1.519,0.038393322259959686,000961
1018,2009-03-06,1.544,0.09457553821566231,1.58,1.531,0.017210121724488506,000961
1019,2009-03-09,1.559,0.09748989376703959,1.6,1.531,0.026239087332350242,000961
1020,2009-03-10,1.554,0.10538685719657798,1.702,1.536,0.05925552995437108,000961
1021,2009-03-11,1.689,0.10322459340039486,1.745,1.631,0.05339428312540855,000961
1022,2009-03-12,1.643,0.10106232960421171,1.669,1.559,0.0355992416889287,000961
1023,2009-03-13,1.631,0.09965215756322271,1.641,1.605,0.028243908719752832,000961
1024,2009-03-16,1.623,0.10613894895177212,1.692,1.613,0.03151524592192214,000961
1025,2009-03-17,1.692,0.10971138478894424,1.745,1.651,0.0471708320244372,000961
1026,2009-03-18,1.72,0.10754912099276112,1.75,1.697,0.0510298826043322,000961
1027,2009-03-19,1.707,0.11253172887092225,1.758,1.697,0.041585263611595064,000961
1028,2009-03-20,1.748,0.11328382062611639,1.809,1.738,0.05720169950289084,000961
1029,2009-03-23,1.776,0.11572811883049733,1.806,1.743,0.04224818558216468,000961
1030,2009-03-24,1.804,0.11901852025947166,1.827,1.761,0.04176590553816295,000961
1031,2009-03-25,1.796,0.11112155682993327,1.809,1.735,0.04227413880165507,000961
1032,2009-03-26,1.735,0.11572811883049733,1.784,1.687,0.03350696754494159,000961
1033,2009-03-27,1.789,0.1177963711572812,1.873,1.778,0.04479690970530106,000961
1034,2009-03-30,1.801,0.11930055466766948,1.847,1.784,0.027541415219465713,000961
1035,2009-03-31,1.781,0.1177963711572812,1.812,1.766,0.030298653108283058,000961
1036,2009-04-01,1.827,0.11901852025947166,1.84,1.801,0.025600355525401536,000961
1037,2009-04-02,1.819,0.13603459622073893,2.0,1.806,0.07003775739708239,000961
1038,2009-04-03,2.008,0.1403591238131052,2.145,1.967,0.08644372470857464,000961
1039,2009-04-07,2.038,0.1403591238131052,2.107,2.023,0.03326492330862532,000961
1040,2009-04-08,2.051,0.13246216038356678,2.087,1.954,0.03700793629228728,000961
1041,2009-04-09,1.964,0.13434238977155213,2.008,1.873,0.03054299190995887,000961
1042,2009-04-10,1.985,0.13819686001692208,2.038,1.949,0.021190836123023554,000961
1043,2009-04-13,2.066,0.1403591238131052,2.089,2.013,0.03117714754983459,000961
1044,2009-04-14,2.015,0.14487167434426998,2.125,2.015,0.031854044330899035,000961
1045,2009-04-15,2.066,0.1411112155682993,2.099,1.987,0.03333433715166294,000961
1046,2009-04-16,2.054,0.142051330262292,2.066,1.99,0.05156983142800577,000961
1047,2009-04-17,2.056,0.1377268026699257,2.056,1.995,0.03491767151344553,000961
1048,2009-04-20,2.003,0.13894895177211622,2.051,1.992,0.026292283654117895,000961
1049,2009-04-21,2.0,0.14440161699727366,2.133,2.0,0.03637005360415808,000961
1050,2009-04-22,2.102,0.13246216038356678,2.115,1.952,0.038817434423914755,000961
1051,2009-04-23,1.921,0.13218012597536902,1.987,1.908,0.020262982598949698,000961
1052,2009-04-24,1.959,0.14252138760928834,2.112,1.952,0.043778822722554435,000961
1053,2009-04-27,2.082,0.13894895177211622,2.135,2.018,0.04279059101677402,000961
1054,2009-04-28,2.013,0.14299144495628466,2.077,2.0,0.017592828002803054,000961
1055,2009-04-29,2.074,0.15878537181536148,2.28,2.051,0.08427943102868397,000961
1056,2009-04-30,2.212,0.1581272915295666,2.26,2.166,0.045171234986412546,000961
1057,2009-05-04,2.242,0.16499012879571306,2.37,2.212,0.04978110105742906,000961
1058,2009-05-05,2.319,0.18153614740998403,2.525,2.319,0.08126148773499071,000961
1059,2009-05-06,2.466,0.18247626210397672,2.573,2.449,0.06677273997238639,000961
1060,2009-05-07,2.612,0.20597912945379337,2.744,2.612,0.1807483516205439,000961
1061,2009-05-08,2.905,0.23183228353859175,3.019,2.793,0.1308715788549035,000961
1062,2009-05-15,3.007,0.22590956096643794,3.014,2.849,0.11593188418091899,000961
1063,2009-05-18,2.917,0.23117420325279686,3.019,2.869,0.08745144725626505,000961
1064,2009-05-19,2.981,0.25937764407257685,3.312,2.981,0.08366666540487178,000961
1065,2009-05-20,3.391,0.271411112155683,3.638,3.391,0.11760616500190979,000961
1066,2009-05-21,3.396,0.2862649243207671,3.623,3.269,0.10121515125619286,000961
1067,2009-05-22,3.598,0.2785559838300273,3.835,3.516,0.09303464332187104,000961
1068,2009-05-25,3.396,0.2847607408103789,3.613,3.325,0.07886491792611945,000961
1069,2009-05-26,3.567,0.2622919996239541,3.567,3.325,0.06430792304862643,000961
1070,2009-05-27,3.335,0.26059979317476734,3.437,3.233,0.05768530832061773,000961
1071,2009-06-01,3.343,0.26586443546112626,3.394,3.274,0.05184696825431231,000961
1072,2009-06-02,3.358,0.26370217166494314,3.399,3.333,0.036423016580295946,000961
1073,2009-06-03,3.366,0.29416188775030555,3.694,3.363,0.10904507034541065,000961
1074,2009-06-04,3.643,0.30205885117984393,3.916,3.514,0.09434258446774742,000961
1075,2009-06-05,3.768,0.2898373601579393,3.812,3.623,0.04821326473455794,000961
1076,2009-06-08,3.641,0.2833505687693899,3.745,3.503,0.047932472160051455,000961
1077,2009-06-09,3.516,0.27376139889066464,3.603,3.401,0.03744998366062045,000961
1078,2009-06-10,3.468,0.2878631193005547,3.672,3.424,0.04724459517074107,000961
1079,2009-06-11,3.567,0.27808592648303093,3.61,3.493,0.02933615424000936,000961
1080,2009-06-12,3.516,0.26708658456331674,3.567,3.366,0.04106732705899776,000961
1081,2009-06-15,3.366,0.271411112155683,3.465,3.366,0.022230177003549654,000961
1082,2009-06-16,3.44,0.2684967566043057,3.493,3.391,0.024923808762781767,000961
1083,2009-06-17,3.386,0.2794960985240199,3.567,3.386,0.030795821899829594,000961
1084,2009-06-18,3.516,0.2833505687693899,3.631,3.496,0.029245460571900063,000961
1085,2009-06-19,3.6,0.27977813293221776,3.603,3.503,0.02467186030084578,000961
1086,2009-06-23,3.544,0.3130581930995582,3.883,3.544,0.12912156441340175,000961
1087,2009-06-24,3.88,0.3138102848547523,3.982,3.745,0.10907140599246097,000961
1088,2009-06-25,3.842,0.3314844411018144,4.263,3.824,0.09355710418695692,000961
1089,2009-06-26,4.13,0.34295384036852494,4.268,4.038,0.07396961829529297,000961
1090,2009-06-29,4.191,0.3437059321237191,4.502,4.166,0.0731139463526989,000961
1091,2009-06-30,4.102,0.33750117514336747,4.258,4.028,0.06474768881524616,000961
1092,2009-07-01,4.102,0.35141487261445903,4.339,4.054,0.053118831573094896,000961
1093,2009-07-02,4.362,0.35884177869700107,4.395,4.27,0.03528857439198685,000961
1094,2009-07-03,4.331,0.3583717213500047,4.51,4.258,0.042762563613907775,000961
1095,2009-07-06,4.359,0.3813105198834258,4.663,4.311,0.05439359226678064,000961
1096,2009-07-07,4.561,0.3678668797593307,4.67,4.433,0.03843605691932536,000961
1097,2009-07-09,4.433,0.3576196295948106,4.507,4.263,0.07114162482606676,000961
1098,2009-07-10,4.357,0.3614740998401805,4.446,4.229,0.06885032630534323,000961
1099,2009-07-13,4.357,0.38394284102660525,4.719,4.357,0.08053836259193688,000961
1100,2009-07-14,4.866,0.427564162827865,5.101,4.861,0.10720430389939214,000961
1101,2009-07-15,5.404,0.4136504653567736,5.44,4.841,0.13949416656667374,000961
1102,2009-07-16,4.953,0.44890476638149857,5.447,4.953,0.12105342536346692,000961
1103,2009-07-17,5.261,0.4342389771552129,5.297,5.063,0.058898193531472465,000961
1104,2009-07-20,5.167,0.4227695778885024,5.177,4.968,0.06112873144292952,000961
1105,2009-07-21,5.014,0.4155306947447589,5.121,4.968,0.037005207444783424,000961
1106,2009-07-22,4.917,0.41506063739776256,5.009,4.79,0.04985267334754218,000961
1107,2009-07-23,4.943,0.41769295854094207,5.096,4.846,0.03347750117735834,000961
1108,2009-07-24,5.024,0.4079157657234183,5.052,4.808,0.03695623727164408,000961
1109,2009-07-27,4.905,0.4093259377644073,4.958,4.841,0.02360260580694601,000961
1110,2009-07-28,4.917,0.42182946319450976,5.065,4.841,0.041938814649832734,000961
1111,2009-07-29,5.05,0.39136974710914735,5.116,4.535,0.04019706453271916,000961
1112,2009-07-30,4.968,0.3856350474757921,4.968,4.5,0.05033064297921595,000961
1113,2009-07-31,4.716,0.39136974710914735,4.844,4.561,0.0512342544850845,000961
1114,2009-08-04,4.81,0.37820814139325,4.816,4.538,0.04703162839262508,000961
1115,2009-08-05,4.584,0.372943499106891,4.642,4.444,0.03927353438461935,000961
1116,2009-08-06,4.53,0.38441289837360165,4.765,4.219,0.09022770929573282,000961
1117,2009-08-07,4.573,0.3755758202500705,4.739,4.522,0.03752950266579233,000961
1118,2009-08-10,4.573,0.37792610698505225,4.632,4.51,0.01769556489813841,000961
1119,2009-08-11,4.586,0.3899595750681583,4.734,4.586,0.028940763033986842,000961
1120,2009-08-12,4.688,0.405001410172041,4.968,4.612,0.07355014063481834,000961
1121,2009-08-13,4.833,0.4160947635611545,5.009,4.795,0.04675166549146894,000961
1122,2009-08-14,4.968,0.4091379148256088,4.989,4.803,0.04285169516266213,000961
1123,2009-08-17,4.826,0.36307229481996806,4.866,4.415,0.031181561671331334,000961
1124,2009-08-18,4.306,0.35639748049262016,4.433,4.0,0.035157758239200844,000961
1125,2009-08-19,4.306,0.31569051424273764,4.306,3.911,0.029088224508364093,000961
1126,2009-08-24,4.303,0.35254301024725015,4.303,4.156,0.04415516385063432,000961
1127,2009-08-25,4.431,0.3684309485757263,4.734,4.357,0.08098540744584125,000961
1128,2009-08-26,4.331,0.36307229481996806,4.632,4.204,0.048692362203442335,000961
1129,2009-08-27,4.331,0.347560402369089,4.433,4.179,0.042834012749382956,000961
1130,2009-08-28,4.204,0.330262291999624,4.306,4.023,0.035076048377838225,000961
1131,2009-08-31,3.949,0.2919996239541224,3.965,3.659,0.03678660796243737,000961
1132,2009-09-01,3.567,0.2903074175049356,3.784,3.452,0.035418321043969685,000961
1133,2009-09-02,3.641,0.29077747485193195,3.72,3.567,0.016518135259364707,000961
1134,2009-09-03,3.646,0.324997649713265,4.01,3.641,0.04930670939207863,000961
1135,2009-09-04,4.074,0.3331766475510013,4.204,4.021,0.04162224241209274,000961
1136,2009-09-07,4.097,0.340133496286547,4.199,4.077,0.03181573027485315,000961
1137,2009-09-08,4.14,0.3506627808592649,4.326,4.082,0.031874176873290944,000961
1138,2009-09-09,4.28,0.3466202876750964,4.38,4.194,0.024841405346352843,000961
1139,2009-09-10,4.263,0.379618313434239,4.663,4.26,0.0847005680358593,000961
1140,2009-09-11,4.561,0.4009589169878725,4.912,4.53,0.07954904193988414,000961
1141,2009-09-14,4.912,0.4054714675190373,5.096,4.816,0.06264085649668975,000961
1142,2009-09-15,4.866,0.400770894049074,4.92,4.742,0.0320523816343922,000961
1143,2009-09-16,4.78,0.4054714675190373,4.986,4.78,0.02653879386651531,000961
1144,2009-09-17,4.866,0.40669361662122777,4.963,4.816,0.022148279169318597,000961
1145,2009-09-18,4.846,0.38055842812823165,4.892,4.551,0.03002572298513568,000961
1146,2009-09-21,4.561,0.39757450408949896,4.793,4.359,0.029159226398048858,000961
1147,2009-09-22,4.739,0.3851649901287958,4.879,4.65,0.018914484686252283,000961
1148,2009-09-23,4.599,0.3689010059227226,4.711,4.449,0.021548937401042006,000961
1149,2009-09-24,4.474,0.38873742596596783,4.744,4.326,0.04398952086260309,000961
1150,2009-09-25,4.663,0.3731315220456896,4.688,4.461,0.04531990207987701,000961
1151,2009-09-28,4.548,0.3557394002068252,4.573,4.319,0.02087523615874099,000961
1152,2009-09-29,4.331,0.3396634389395507,4.362,4.059,0.0138099971801477,000961
1153,2009-09-30,4.204,0.36025195073799005,4.431,4.204,0.018031401113981667,000961
1154,2009-10-09,4.459,0.3815925542916236,4.711,4.459,0.019257334234635153,000961
1155,2009-10-12,4.612,0.3863871392309862,4.777,4.612,0.022531983648382777,000961
1156,2009-10-13,4.663,0.3947541600075209,4.803,4.612,0.016793022893073047,000961
1157,2009-10-14,4.816,0.41506063739776256,5.218,4.79,0.06673751774593514,000961
1158,2009-10-15,5.024,0.416282786499953,5.045,4.816,0.04327781669176256,000961
1159,2009-10-16,4.956,0.4254018990316819,5.139,4.935,0.05666239237969918,000961
1160,2009-10-19,5.07,0.458211901852026,5.491,5.022,0.06620121170681541,000961
1161,2009-10-20,5.427,0.4773902416094764,5.707,5.325,0.06052749050049941,000961
1162,2009-10-21,5.554,0.4603741656482091,5.83,5.422,0.049122359862726395,000961
1163,2009-10-22,5.45,0.4510670301776817,5.557,5.269,0.037460814786936254,000961
1164,2009-10-23,5.351,0.45586161511704437,5.44,5.325,0.047984423971793595,000961
1165,2009-10-26,5.46,0.47569803516028963,5.656,5.353,0.039980545715572004,000961
1166,2009-10-27,5.633,0.4603741656482091,5.633,5.376,0.029724104313170994,000961
1167,2009-10-28,5.34,0.43903356209457556,5.44,5.07,0.04690715146278153,000961
1168,2009-10-29,5.119,0.4105480868665977,5.119,4.841,0.04565294462998591,000961
1169,2009-10-30,5.027,0.4198552223371252,5.111,4.943,0.021599236347906513,000961
1170,2009-11-02,4.943,0.43884553915577706,5.223,4.816,0.020169910101781218,000961
1171,2009-11-03,5.162,0.43254677070602615,5.289,5.091,0.03531854634176797,000961
1172,2009-11-04,5.198,0.43376891980821664,5.221,5.047,0.027340323141176494,000961
1173,2009-11-05,5.172,0.43884553915577706,5.295,5.167,0.0269510961488741,000961
1174,2009-11-06,5.292,0.4663908996897622,5.575,5.231,0.04398892453488253,000961
1175,2009-11-09,5.503,0.44721255993231174,5.503,5.221,0.03565075273670348,000961
1176,2009-11-10,5.312,0.4754160007520918,5.7,5.277,0.06262449637531269,000961
1177,2009-11-11,5.605,0.46704897997555705,5.605,5.478,0.03221696808526636,000961
1178,2009-11-12,5.491,0.4565196954028392,5.582,5.407,0.036214250023516054,000961
1179,2009-11-13,5.402,0.45604963805584287,5.524,5.264,0.01904832136857938,000961
1180,2009-11-16,5.389,0.47015135846573286,5.651,5.389,0.031456753950723004,000961
1181,2009-11-17,5.595,0.48810754912099275,5.822,5.567,0.03413741558203297,000961
1182,2009-11-18,5.758,0.48002256275265587,5.763,5.575,0.016869774159802762,000961
1183,2009-11-19,5.656,0.47494594340509544,5.679,5.501,0.019282678162758887,000961
1184,2009-11-20,5.585,0.4766381498542823,5.702,5.458,0.02046922772656331,000961
1185,2009-11-23,5.618,0.483594998589828,5.758,5.575,0.02932419527648294,000961
1186,2009-11-24,5.733,0.4605621885870076,5.847,5.427,0.050697164145375784,000961
1187,2009-11-25,5.473,0.4644166588323776,5.554,5.371,0.027194021913125112,000961
1188,2009-11-26,5.501,0.4665789226285607,5.809,5.498,0.0404942042649566,000961
1189,2009-11-27,5.447,0.4424179749929492,5.46,5.045,0.020488141686221897,000961
1190,2009-11-30,5.305,0.46488671617937394,5.575,5.305,0.01714618502192775,000961
1191,2009-12-01,5.575,0.4854752279778133,5.738,5.501,0.03297633958281328,000961
1192,2009-12-02,5.845,0.5063457741844506,6.026,5.7,0.053322691389826274,000961
1193,2009-12-03,5.939,0.532198928269249,6.319,5.86,0.04145756521569589,000961
1194,2009-12-04,6.214,0.5046535677352637,6.214,5.86,0.026314192216025368,000961
1195,2009-12-07,5.937,0.517815173451161,6.089,5.83,0.026823994080695482,000961
1196,2009-12-08,6.069,0.5513772680266993,6.653,6.069,0.043744527396799265,000961
1197,2009-12-09,6.319,0.5745981009683182,6.851,6.288,0.035763795730687616,000961
1198,2009-12-10,6.696,0.5779825138666917,7.007,6.492,0.026907674416265164,000961
1199,2009-12-11,6.624,0.5660430572529849,6.721,6.51,0.01573098915005047,000961
1200,2009-12-14,6.581,0.5439503619441572,6.624,6.27,0.015157393182926691,000961
1201,2009-12-15,6.418,0.5300366644730657,6.418,6.11,0.015418228224263609,000961
1202,2009-12-16,6.166,0.5185672652063552,6.186,6.054,0.01447447478824921,000961
1203,2009-12-17,6.069,0.5068158315314468,6.156,5.888,0.012240080192077677,000961
1204,2009-12-18,5.929,0.4510670301776817,5.934,5.351,0.0298146942721115,000961
1205,2009-12-21,5.198,0.4493748237284949,5.396,5.065,0.049951709121916245,000961
1206,2009-12-22,5.259,0.4187270847043339,5.289,5.007,0.030296935425174927,000961
1207,2009-12-23,4.973,0.42803422017486137,5.172,4.963,0.01911320441730537,000961
1208,2009-12-24,5.103,0.4383754818087807,5.34,5.047,0.03581187789406917,000961
1209,2009-12-25,5.21,0.4419479176459528,5.295,5.121,0.026474001563312012,000961
1210,2009-12-28,5.269,0.46855316348594533,5.603,5.249,0.03182130464267577,000961
1211,2009-12-29,5.549,0.47090345022092706,5.669,5.404,0.022648941663488846,000961
1212,2009-12-30,5.529,0.4845351132838206,5.717,5.529,0.037374250040109525,000961
1213,2009-12-31,5.728,0.4843470903450221,5.733,5.549,0.019992664650491286,000961
1214,2010-01-04,5.692,0.4764501269154837,5.835,5.605,0.021685528858165163,000961
1215,2010-01-05,5.58,0.4503149384224876,5.656,5.312,0.03286493649006067,000961
1216,2010-01-06,5.351,0.4517251104634765,5.447,5.2,0.03296850305874637,000961
1217,2010-01-07,5.351,0.4378114129923851,5.351,5.137,0.03528106844089547,000961
1218,2010-01-08,5.167,0.4335808968694181,5.3,5.058,0.03260874891585028,000961
1219,2010-01-11,5.223,0.41101814421359406,5.244,4.81,0.03898134676519176,000961
1220,2010-01-12,4.943,0.41722290119394567,5.058,4.757,0.02652000954331771,000961
1221,2010-01-13,4.879,0.39353201090533046,4.879,4.714,0.0338162412499278,000961
1222,2010-01-14,4.726,0.3959763091097114,4.787,4.624,0.050424726640780175,000961
1223,2010-01-15,4.777,0.4330168280530225,5.165,4.777,0.05701786851938257,000961
1224,2010-01-18,5.185,0.46300648679138856,5.486,5.185,0.08101263758447241,000961
1225,2010-01-19,5.58,0.4565196954028392,5.858,5.402,0.09599635031878642,000961
1226,2010-01-20,5.554,0.46225439503619437,5.733,5.351,0.1304357021821135,000961
1227,2010-01-21,5.48,0.4404437341355646,5.526,5.195,0.05359140832799145,000961
1228,2010-01-22,5.126,0.40434332988624616,5.126,4.803,0.06291998324267249,000961
1229,2010-01-25,4.938,0.39757450408949896,4.938,4.749,0.027553912174305244,000961
1230,2010-01-26,4.833,0.35517533139042967,4.833,4.303,0.05547325008667494,000961
1231,2010-01-27,4.331,0.35517533139042967,4.482,4.229,0.04135705158566652,000961
1232,2010-01-28,4.357,0.3576196295948106,4.408,4.245,0.04891045610359052,000961
1233,2010-01-29,4.331,0.35235498730845166,4.413,4.268,0.03416537168484567,000961
1234,2010-02-01,4.252,0.36288427188116956,4.413,4.105,0.042344401763512195,000961
1235,2010-02-02,4.415,0.37106326971890574,4.663,4.37,0.05681207711938243,000961
1236,2010-02-03,4.464,0.38948951772116197,4.729,4.334,0.062134820571211426,000961
1237,2010-02-04,4.688,0.3947541600075209,4.917,4.599,0.08183745604935062,000961
1238,2010-02-05,4.714,0.37369559086208515,4.92,4.502,0.07309402771046764,000961
1239,2010-02-08,4.454,0.3573375951866128,4.459,4.283,0.033616101999626856,000961
1240,2010-02-09,4.377,0.37416564820908155,4.561,4.362,0.03370038514474015,000961
1241,2010-02-10,4.561,0.38055842812823165,4.65,4.489,0.0179899239282876,000961
1242,2010-02-11,4.612,0.3861051048227884,4.739,4.612,0.02993132171424204,000961
1243,2010-02-12,4.714,0.38704521951678106,4.714,4.647,0.014871499413680213,000961
1244,2010-02-22,4.683,0.376797969352261,4.683,4.484,0.01996138985427721,000961
1245,2010-02-23,4.561,0.3624142145341732,4.573,4.293,0.03754017822835494,000961
1246,2010-02-24,4.382,0.38037040518943316,4.609,4.342,0.02839665287991547,000961
1247,2010-02-25,4.604,0.4114882015605904,5.009,4.604,0.08074174923558564,000961
1248,2010-02-26,4.943,0.41007802951960143,5.083,4.841,0.05342818305995769,000961
1249,2010-03-01,4.923,0.41534267180596035,5.019,4.841,0.04215416673883096,000961
1250,2010-03-02,4.994,0.4102660524583999,5.007,4.869,0.04329264710289992,000961
1251,2010-03-03,4.917,0.4096079721726051,4.917,4.765,0.04351951739145721,000961
1252,2010-03-04,4.902,0.4114882015605904,5.042,4.734,0.06626731982009777,000961
1253,2010-03-05,4.905,0.3956942747015136,4.907,4.739,0.06552777621925943,000961
1254,2010-03-08,4.79,0.39118172417034885,4.81,4.68,0.054436709353706245,000961
1255,2010-03-09,4.734,0.4114882015605904,5.065,4.614,0.11688182127612264,000961
1256,2010-03-10,4.917,0.40434332988624616,4.981,4.836,0.04600622991347856,000961
1257,2010-03-11,4.872,0.4028391463758579,4.93,4.782,0.027403566288670946,000961
1258,2010-03-12,4.866,0.3959763091097114,4.905,4.759,0.03292303307005378,000961
1259,2010-03-15,4.759,0.3863871392309862,4.765,4.607,0.026599962830633907,000961
1260,2010-03-16,4.673,0.3901475980069569,4.706,4.642,0.019912115035454536,000961
1261,2010-03-17,4.734,0.40171100874306664,4.851,4.637,0.03236026174742275,000961
1262,2010-03-18,4.821,0.41506063739776256,5.05,4.79,0.09248051875118811,000961
1263,2010-03-19,4.976,0.41938516499012884,5.134,4.976,0.05442485409934861,000961
1264,2010-03-22,5.014,0.42615399078687605,5.109,4.963,0.04288488857849887,000961
1265,2010-03-23,5.065,0.41966719939832664,5.093,5.004,0.03319630024799974,000961
1266,2010-03-24,5.019,0.4210773714393156,5.073,4.989,0.026790398791829668,000961
1267,2010-03-25,5.035,0.4054714675190373,5.035,4.856,0.02543160126230652,000961
1268,2010-03-26,4.861,0.41506063739776256,4.989,4.836,0.017554961192547583,000961
1269,2010-03-29,4.994,0.42587195637867825,5.139,4.981,0.039541039221874255,000961
1270,2010-03-31,5.103,0.43282880511422395,5.218,5.07,0.03800072471967152,000961
1271,2010-04-01,5.172,0.452195167810473,5.389,5.152,0.05062316117161908,000961
1272,2010-04-02,5.381,0.45698975274983544,5.554,5.376,0.053105349381151835,000961
1273,2010-04-06,5.427,0.4330168280530225,5.465,5.149,0.06331068160880715,000961
1274,2010-04-07,5.147,0.4311365986650372,5.149,5.035,0.031034015933254444,000961
1275,2010-04-08,5.147,0.41656482090815083,5.147,4.917,0.060112776979966184,000961
1276,2010-04-09,4.981,0.4198552223371252,5.04,4.894,0.03612955204172759,000961
1277,2010-04-12,5.022,0.39663438939550627,5.04,4.734,0.08285974973525641,000961
1278,2010-04-13,4.78,0.39259189621133783,4.805,4.561,0.05793078792315026,000961
1279,2010-04-14,4.711,0.39353201090533046,4.8,4.637,0.0417587949782776,000961
1280,2010-04-15,4.678,0.3786781987402464,4.683,4.548,0.05599539982425444,000961
1281,2010-04-16,4.548,0.37219140735169687,4.622,4.436,0.048140331261604406,000961
1282,2010-04-19,4.436,0.32979223465262764,4.436,4.061,0.08911913606321448,000961
1283,2010-04-20,4.051,0.30920372285418823,4.051,3.794,0.062037359879838404,000961
1284,2010-04-21,3.837,0.32095515652909656,3.982,3.822,0.03497025206202348,000961
1285,2010-04-22,3.954,0.3075115164050014,3.954,3.758,0.053163037606292825,000961
1286,2010-04-23,3.842,0.3173827206919244,3.944,3.842,0.03641666439370739,000961
1287,2010-04-26,3.921,0.30854564256839334,3.921,3.827,0.02170063798769366,000961
1288,2010-04-27,3.822,0.31352825044655447,3.926,3.786,0.034986813119915076,000961
1289,2010-04-28,3.863,0.30826360816019555,3.911,3.796,0.021284589211612234,000961
1290,2010-04-29,3.852,0.3065714017110088,3.893,3.801,0.02265369283978417,000961
1291,2010-04-30,3.817,0.30920372285418823,3.891,3.773,0.026704404445431297,000961
1292,2010-05-04,3.756,0.2730093071354705,3.758,3.457,0.05571266918465615,000961
1293,2010-05-05,3.315,0.27470151358465733,3.514,3.198,0.05511956941197627,000961
1294,2010-05-06,3.391,0.24339569427470154,3.422,3.142,0.03991460612968894,000961
1295,2010-05-07,3.007,0.23907116668233525,3.236,2.984,0.030751615866631672,000961
1296,2010-05-10,3.121,0.2510106232960421,3.223,3.063,0.05494958360250184,000961
1297,2010-05-11,3.307,0.24123343047851842,3.307,3.111,0.05031590979542433,000961
1298,2010-05-12,3.06,0.25965967848077465,3.325,3.014,0.06114397669074206,000961
1299,2010-05-13,3.274,0.25937764407257685,3.322,3.215,0.04648195035255413,000961
1300,2010-05-14,3.287,0.2536429444392216,3.287,3.187,0.03422862779598623,000961
1301,2010-05-17,3.18,0.2426436025195074,3.18,3.007,0.03987423733573634,000961
1302,2010-05-18,3.096,0.2653943781141299,3.427,3.096,0.07134925058198992,000961
1303,2010-05-19,3.328,0.2589075867255805,3.396,3.274,0.055163380053968175,000961
1304,2010-05-20,3.269,0.2534549215004231,3.361,3.236,0.02575174498454682,000961
1305,2010-05-21,3.154,0.272821284196672,3.48,3.111,0.06712197411647307,000961
1306,2010-05-24,3.539,0.2903074175049356,3.689,3.483,0.07427021932103889,000961
1307,2010-05-25,3.58,0.27780389207483314,3.603,3.458,0.06617008599253149,000961
1308,2010-05-26,3.508,0.2774278461972361,3.546,3.405,0.04553446986828624,000961
1309,2010-05-27,3.462,0.27629970856444486,3.519,3.382,0.042758791192892935,000961
1310,2010-05-28,3.515,0.26699257309391744,3.523,3.382,0.05469364881939038,000961
1311,2010-05-31,3.363,0.25909560966437906,3.458,3.305,0.03965217655988183,000961
1312,2010-06-01,3.168,0.24687411864247438,3.267,3.156,0.030733745480484062,000961
1313,2010-06-02,3.164,0.257309391745793,3.294,3.141,0.029732939037987526,000961
1314,2010-06-03,3.313,0.24978847419385164,3.313,3.206,0.025626036508323853,000961
1315,2010-06-04,3.175,0.255899219704804,3.313,3.156,0.029679081570268825,000961
1316,2010-06-07,3.164,0.2580614835009871,3.363,3.164,0.04173750218955982,000961
1317,2010-06-08,3.301,0.25693334586819594,3.34,3.248,0.02282408052228767,000961
1318,2010-06-09,3.301,0.26990692864529475,3.458,3.259,0.05069604927181126,000961
1319,2010-06-10,3.382,0.26990692864529475,3.477,3.34,0.05256653487651193,000961
1320,2010-06-11,3.47,0.2687787910125035,3.47,3.408,0.03352175258331761,000961
1321,2010-06-17,3.428,0.2813763279120053,3.607,3.42,0.08587368726230507,000961
1322,2010-06-18,3.515,0.30111873648585125,3.901,3.508,0.15943681098869167,000961
1323,2010-06-21,3.787,0.313716273385353,3.974,3.764,0.12914924827964638,000961
1324,2010-06-22,3.84,0.32161323681489146,4.004,3.821,0.10109816083197154,000961
1325,2010-06-23,3.955,0.3198270188963054,4.05,3.878,0.0783144426218134,000961
1326,2010-06-24,3.955,0.316536617467331,4.039,3.917,0.052021270957937744,000961
1327,2010-06-25,3.89,0.30581930995581463,3.928,3.783,0.04854725363083207,000961
1328,2010-06-28,3.806,0.3104258719563787,3.901,3.771,0.05014030424536594,000961
1329,2010-06-29,3.852,0.28457271787158034,3.882,3.481,0.06347211141185617,000961
1330,2010-06-30,3.538,0.2641722290119395,3.538,3.324,0.05677461866397908,000961
1331,2010-07-01,3.363,0.2684027451349065,3.5,3.363,0.03537455577473912,000961
1332,2010-07-02,3.408,0.29641816301588797,3.741,3.317,0.06949710205469642,000961
1333,2010-07-05,3.619,0.31080191783397576,3.863,3.577,0.07414351912588935,000961
1334,2010-07-06,3.81,0.31625458305913323,3.993,3.752,0.10114230852876202,000961
1335,2010-07-07,3.909,0.3237755006110746,4.031,3.859,0.06016731503910509,000961
1336,2010-07-08,3.974,0.3140923192629501,4.066,3.867,0.055665163903526,000961
1337,2010-07-09,3.894,0.33665507191877414,4.222,3.836,0.11055370169654717,000961
1338,2010-07-12,4.165,0.331672464040613,4.295,4.081,0.17095409012886797,000961
1339,2010-07-13,3.97,0.32415154648867167,4.016,3.878,0.0866609630080803,000961
1340,2010-07-14,3.978,0.31475039954874495,4.108,3.836,0.06956718352550814,000961
1341,2010-07-15,3.905,0.31193005546676694,4.016,3.859,0.05186841012496022,000961
1342,2010-07-16,3.863,0.3204850991821003,4.012,3.806,0.03391924390000818,000961
1343,2010-07-19,3.94,0.3342107737143931,4.15,3.886,0.06779990798922544,000961
1344,2010-07-20,4.092,0.3395694274701514,4.184,4.054,0.06530539135225244,000961
1345,2010-07-21,4.157,0.3356209457553822,4.176,4.054,0.07397403889861277,000961
1346,2010-07-22,4.073,0.35357713641064215,4.318,4.073,0.09067047614642448,000961
1347,2010-07-23,4.322,0.35357713641064215,4.337,4.165,0.07104926532943373,000961
1348,2010-07-26,4.276,0.3503807464510671,4.322,4.192,0.04645744257960379,000961
1349,2010-07-27,4.283,0.35000470057346994,4.325,4.234,0.03903171701210981,000961
1350,2010-07-28,4.28,0.3600639277991915,4.417,4.23,0.07093940491056691,000961
1351,2010-07-29,4.39,0.36467048979975564,4.455,4.337,0.053209505795735045,000961
1352,2010-07-30,4.436,0.3575256181254113,4.444,4.287,0.03254544095012533,000961
1353,2010-08-02,4.318,0.3675848453511329,4.528,4.306,0.06429632706719078,000961
1354,2010-08-03,4.474,0.3689950173921218,4.578,4.436,0.07212677118407558,000961
1355,2010-08-04,4.474,0.36326031775876655,4.528,4.272,0.06351738046403423,000961
1356,2010-08-05,4.379,0.34530412710350666,4.402,4.203,0.09757530296818752,000961
1357,2010-08-06,4.203,0.34671429914449564,4.257,4.012,0.10146697008166786,000961
1358,2010-08-09,4.203,0.3445520353483125,4.249,4.092,0.05983295667891714,000961
1359,2010-08-11,4.069,0.3409795995111404,4.199,4.024,0.053538626842898965,000961
1360,2010-08-12,4.104,0.33599699163297925,4.268,4.096,0.05196443833343929,000961
1361,2010-08-13,4.138,0.33449280812259097,4.18,3.97,0.06448566760029116,000961
1362,2010-08-16,4.062,0.3399454733477484,4.199,4.05,0.04341955471638706,000961
1363,2010-08-17,4.184,0.3675848453511329,4.463,4.115,0.14614766718151354,000961
1364,2010-08-18,4.471,0.3661746733101439,4.517,4.356,0.13336078039697588,000961
1365,2010-08-19,4.448,0.353201090533045,4.452,4.283,0.0824060156399649,000961
1366,2010-08-20,4.283,0.3291341543668328,4.283,4.012,0.11646072315988562,000961
1367,2010-08-23,4.031,0.3223653285700856,4.085,3.943,0.06425896583913317,000961
1368,2010-08-24,3.966,0.32847607408103785,4.089,3.936,0.052965309594166315,000961
1369,2010-08-25,4.016,0.31296418163015893,4.043,3.878,0.04800187303944298,000961
1370,2010-08-26,3.882,0.31080191783397576,3.932,3.813,0.043129946862533186,000961
1371,2010-08-27,3.863,0.31296418163015893,3.909,3.829,0.029285421011000536,000961
1372,2010-08-30,3.905,0.3180408009777193,3.959,3.844,0.040559904023386835,000961
1373,2010-08-31,3.92,0.31014383754818087,3.92,3.802,0.08619712375065453,000961
1374,2010-09-01,3.855,0.2924696813011188,3.875,3.592,0.0984847157056854,000961
1375,2010-09-02,3.699,0.295384036852496,3.722,3.634,0.06069763187372704,000961
1376,2010-09-03,3.691,0.2918116010153239,3.726,3.611,0.04562350418969486,000961
1377,2010-09-06,3.684,0.30469117232302345,3.802,3.684,0.06459061479728642,000961
1378,2010-09-07,3.806,0.3086396540377926,3.871,3.756,0.05930922537651354,000961
1379,2010-09-08,3.806,0.30149478236344834,3.817,3.722,0.04902905401992813,000961
1380,2010-09-09,3.733,0.28212841966719937,3.764,3.546,0.07685033491320424,000961
1381,2010-09-10,3.565,0.28494876374917744,3.622,3.508,0.04375544278681471,000961
1382,2010-09-13,3.546,0.29500799097489894,3.729,3.546,0.050399311412602885,000961
1383,2010-09-14,3.695,0.28748707342295765,3.706,3.592,0.03601938697717745,000961
1384,2010-09-15,3.615,0.2835385917081884,3.63,3.554,0.02788599541460281,000961
1385,2010-09-16,3.577,0.27817993795243023,3.588,3.496,0.035961050569731506,000961
1386,2010-09-17,3.512,0.28062423615681115,3.584,3.512,0.02852964044342307,000961
1387,2010-09-20,3.58,0.27846197236062803,3.58,3.439,0.028044800079316774,000961
1388,2010-09-21,3.538,0.2799661558710163,3.557,3.5,0.016124727491195354,000961
1389,2010-09-27,3.531,0.28429068346338254,3.603,3.458,0.03048974373360682,000961
1390,2010-09-28,3.554,0.27206919244147787,3.561,3.439,0.046254185572416014,000961
1391,2010-09-29,3.431,0.25909560966437906,3.431,3.305,0.05884771957538563,000961
1392,2010-09-30,3.278,0.2716931465638808,3.489,3.248,0.048984329440886244,000961
1393,2010-10-08,3.42,0.28212841966719937,3.63,3.363,0.06717491764714179,000961
1394,2010-10-11,3.546,0.30008461032245937,3.775,3.523,0.11867948359886164,000961
1395,2010-10-12,3.726,0.29500799097489894,3.745,3.63,0.056449445047052335,000961
1396,2010-10-13,3.691,0.3202030647739024,3.993,3.661,0.16449300891307708,000961
1397,2010-10-14,3.962,0.33881733571495726,4.356,3.962,0.280993407311849,000961
1398,2010-10-15,4.043,0.3640124095139607,4.463,4.004,0.18989527344426135,000961
1399,2010-10-18,4.28,0.3435179091849206,4.417,4.203,0.22702898951282513,000961
1400,2010-10-19,4.157,0.35357713641064215,4.356,4.05,0.09940513457872142,000961
1401,2010-10-20,4.108,0.3208611450596973,4.138,3.882,0.17157569695931976,000961
1402,2010-10-21,3.928,0.32556171852966065,4.043,3.886,0.08016513922074382,000961
1403,2010-10-22,3.985,0.3287581084892357,4.15,3.917,0.08850659730320899,000961
1404,2010-10-25,4.035,0.35000470057346994,4.276,3.985,0.0941918042999688,000961
1405,2010-10-26,4.31,0.3424837830215286,4.383,4.169,0.09421708340986205,000961
1406,2010-10-27,4.207,0.333082636081602,4.348,4.089,0.08346114624143972,000961
1407,2010-10-28,4.054,0.34568017298110376,4.257,4.054,0.07795743029006728,000961
1408,2010-10-29,4.249,0.34530412710350666,4.28,4.096,0.062178080258244124,000961
1409,2010-11-01,4.222,0.3438939550625177,4.257,4.138,0.07539192472705561,000961
1410,2010-11-02,4.199,0.35790166400300844,4.417,4.196,0.12814683434503354,000961
1411,2010-11-03,4.367,0.34925260881827586,4.387,4.253,0.07301179930326106,000961
1412,2010-11-04,4.268,0.3474663908996897,4.306,4.165,0.051790958821341146,000961
1413,2010-11-05,4.318,0.36326031775876655,4.417,4.199,0.15141333818139127,000961
1414,2010-11-08,4.452,0.3855410360063928,4.761,4.452,0.15715623340329207,000961
1415,2010-11-09,4.65,0.3794302904954405,4.715,4.517,0.10167766173989345,000961
1416,2010-11-10,4.589,0.35498730845163107,4.589,4.203,0.14990436977545615,000961
1417,2010-11-11,4.306,0.35103882673686193,4.364,4.253,0.08896421401050718,000961
1418,2010-11-12,4.234,0.3111779637115728,4.272,3.859,0.096289322238803,000961
1419,2010-11-15,3.863,0.3090156999153897,3.924,3.745,0.061076170339820726,000961
1420,2010-11-16,3.836,0.29359781893390996,3.924,3.657,0.05946997458814237,000961
1421,2010-11-17,3.676,0.29500799097489894,3.794,3.638,0.032720139044956784,000961
1422,2010-11-18,3.764,0.30008461032245937,3.794,3.695,0.018834129525907017,000961
1423,2010-11-19,3.745,0.30469117232302345,3.821,3.63,0.03420901379943829,000961
1424,2010-11-22,3.745,0.30722948199680367,3.886,3.718,0.040051729096302155,000961
1425,2010-11-23,3.798,0.2932217730563129,3.798,3.63,0.033408508652818934,000961
1426,2010-11-24,3.653,0.3018708282410454,3.783,3.634,0.025610875524210958,000961
1427,2010-11-25,3.764,0.31080191783397576,3.894,3.726,0.04685699511602411,000961
1428,2010-11-26,3.848,0.30036664473065716,3.848,3.71,0.037498538997084635,000961
1429,2010-11-29,3.726,0.29754630064867915,3.768,3.668,0.020245870586098887,000961
1430,2010-11-30,3.687,0.32302340885588043,3.997,3.668,0.09764791234998857,000961
1431,2010-12-01,3.932,0.3115540095891699,3.959,3.821,0.06299608632709726,000961
1432,2010-12-07,3.974,0.31437435367114785,3.974,3.798,0.04274816748491472,000961
1433,2010-12-08,3.863,0.30111873648585125,3.894,3.748,0.04042313755704134,000961
1434,2010-12-09,3.745,0.30365704615963146,3.852,3.718,0.029768965010496924,000961
1435,2010-12-10,3.756,0.2993325185672652,3.779,3.668,0.02126351680487815,000961
1436,2010-12-13,3.745,0.3064773902416095,3.84,3.733,0.026955853806992468,000961
1437,2010-12-14,3.817,0.32123719093729436,4.058,3.81,0.07018637263596246,000961
1438,2010-12-15,4.031,0.32302340885588043,4.123,3.985,0.06950124393962508,000961
1439,2010-12-16,3.993,0.33345868195919903,4.188,3.97,0.06311664823581888,000961
1440,2010-12-17,4.089,0.32810002820344086,4.119,4.008,0.023427797521122708,000961
1441,2010-12-20,4.081,0.3202030647739024,4.108,3.84,0.03492071797027882,000961
1442,2010-12-21,3.959,0.3575256181254113,4.356,3.955,0.15492648627424707,000961
1443,2010-12-22,4.387,0.35000470057346994,4.524,4.207,0.1390350007036667,000961
1444,2010-12-23,4.238,0.3654225815549498,4.532,4.18,0.1066116254452105,000961
1445,2010-12-24,4.379,0.3747297170254771,4.685,4.322,0.10999448889477034,000961
1446,2010-12-27,4.49,0.37905424461784337,4.723,4.394,0.09602291931146653,000961
1447,2010-12-28,4.532,0.3754818087806712,4.719,4.41,0.0897277727657441,000961
1448,2010-12-29,4.501,0.386669173639184,4.738,4.283,0.07535951561180787,000961
1449,2010-12-30,4.589,0.3585597442888033,4.643,4.356,0.10342127214022226,000961
1450,2010-12-31,4.367,0.3585597442888033,4.417,4.28,0.048809320218548405,000961
1451,2011-01-04,4.36,0.3995487449468835,4.803,4.356,0.20301448329654942,000961
1452,2011-01-05,4.803,0.3948481714769202,4.853,4.734,0.134211227990192,000961
1453,2011-01-06,4.7,0.4034972266616527,4.99,4.685,0.13896953429086625,000961
1454,2011-01-07,4.837,0.42145341731691266,5.273,4.795,0.137491678635569,000961
1455,2011-01-10,4.967,0.4103600639277992,5.269,4.78,0.1091045345900672,000961
1456,2011-01-11,4.818,0.4268120710726709,5.128,4.669,0.11881430551829227,000961
1457,2011-01-12,5.078,0.4268120710726709,5.197,4.944,0.061418410596836934,000961
1458,2011-01-13,5.101,0.40424931841684686,5.113,4.78,0.07948519598284608,000961
1459,2011-01-14,4.78,0.3948481714769202,4.929,4.646,0.06569382108031974,000961
1460,2011-01-17,4.681,0.3503807464510671,4.73,4.28,0.07999466727454067,000961
1461,2011-01-18,4.203,0.3356209457553822,4.295,4.05,0.09259338673594991,000961
1462,2011-01-19,4.111,0.35103882673686193,4.295,3.974,0.09037401052378419,000961
1463,2011-01-20,4.203,0.3309203722854189,4.241,4.016,0.0621612275183153,000961
1464,2011-01-21,4.012,0.34709034502209274,4.348,3.982,0.06813033836464537,000961
1465,2011-01-24,4.207,0.35216696436965317,4.417,4.069,0.06667387272541161,000961
1466,2011-01-25,4.26,0.35611544608442236,4.375,4.207,0.037101851426452205,000961
1467,2011-01-26,4.318,0.36438845539155784,4.448,4.283,0.0353381473746698,000961
1468,2011-01-27,4.28,0.35141487261445903,4.345,4.127,0.049927434694595686,000961
1469,2011-01-28,4.287,0.35103882673686193,4.536,4.123,0.09075449353679274,000961
1470,2011-01-31,4.218,0.33599699163297925,4.257,4.089,0.07115864609339487,000961
1471,2011-02-01,4.1,0.33204850991821006,4.211,4.039,0.0632242464984414,000961
1472,2011-02-09,3.997,0.32161323681489146,4.066,3.947,0.041984608729677804,000961
1473,2011-02-10,3.974,0.331672464040613,4.123,3.974,0.04612973456986467,000961
1474,2011-02-11,4.05,0.3377832095515653,4.188,4.008,0.09500592127499222,000961
1475,2011-02-14,4.127,0.35141487261445903,4.306,4.111,0.11419406204857342,000961
1476,2011-02-15,4.295,0.34671429914449564,4.303,4.203,0.08558523965477706,000961
1477,2011-02-16,4.222,0.34962865469587295,4.272,4.207,0.05554393436703028,000961
1478,2011-02-17,4.28,0.3381592554291624,4.31,4.092,0.0801106919071276,000961
1479,2011-02-18,4.157,0.3312964181630159,4.199,4.066,0.05830389462152843,000961
1480,2011-02-21,4.047,0.3356209457553822,4.123,4.012,0.05356633015461274,000961
1481,2011-02-22,4.1,0.315126445426342,4.104,3.905,0.08282203848875413,000961
1482,2011-02-23,3.89,0.3180408009777193,3.966,3.89,0.027657187060953718,000961
1483,2011-02-24,3.932,0.313716273385353,3.936,3.836,0.06603930224886072,000961
1484,2011-02-25,3.905,0.31691266334492807,3.932,3.84,0.04081139875770935,000961
1485,2011-02-28,3.947,0.32518567265206355,4.027,3.947,0.06056669904812614,000961
1486,2011-03-01,4.008,0.333082636081602,4.142,3.989,0.09104034193327787,000961
1487,2011-03-02,4.062,0.32772398232584377,4.073,3.982,0.04945750252350335,000961
1488,2011-03-03,4.031,0.32772398232584377,4.104,4.027,0.04271899928119175,000961
1489,2011-03-04,4.043,0.34530412710350666,4.241,4.012,0.11739543445274589,000961
1490,2011-03-07,4.241,0.352825044655448,4.356,4.199,0.1600114764566186,000961
1491,2011-03-08,4.341,0.37369559086208515,4.654,4.322,0.19120719442949016,000961
1492,2011-03-09,4.467,0.36326031775876655,4.524,4.364,0.09127239119845174,000961
1493,2011-03-10,4.387,0.3626022374729717,4.501,4.348,0.08263925107875685,000961
1494,2011-03-11,4.387,0.35649149196201935,4.505,4.329,0.0718573866181363,000961
1495,2011-03-14,4.318,0.3626022374729717,4.421,4.222,0.06437671463665129,000961
1496,2011-03-15,4.39,0.36861897151452483,4.532,4.26,0.09191149895113732,000961
1497,2011-03-16,4.463,0.38478894425119864,4.646,4.44,0.11986565721692918,000961
1498,2011-03-17,4.562,0.37839616433204853,4.673,4.528,0.06695259111654224,000961
1499,2011-03-18,4.578,0.37228541882109617,4.662,4.471,0.0464285466124489,000961
1500,2011-03-21,4.494,0.3934379994359313,4.822,4.482,0.12939004800593715,000961
1501,2011-03-25,4.738,0.41280436213218014,5.12,4.738,0.1773367412857593,000961
1502,2011-03-28,4.948,0.407821754254019,5.139,4.845,0.11083971862043158,000961
1503,2011-03-29,4.849,0.41750493560214347,5.086,4.822,0.07832365329236682,000961
1504,2011-03-30,4.967,0.40857384600921315,5.082,4.837,0.06881352251406789,000961
1505,2011-03-31,4.891,0.3987966531916894,4.948,4.639,0.0635392630986495,000961
1506,2011-04-01,4.769,0.4135564538873743,4.964,4.746,0.03606087064469456,000961
1507,2011-04-06,4.857,0.43658926389019465,5.265,4.857,0.11393997458503109,000961
1508,2011-04-07,5.158,0.43875152768637776,5.242,5.101,0.051755308794568626,000961
1509,2011-04-08,5.22,0.43010247250164524,5.22,5.063,0.04479512720396244,000961
1510,2011-04-11,5.17,0.41139419009119116,5.208,4.902,0.07768649008659612,000961
1511,2011-04-12,4.906,0.40424931841684686,5.006,4.807,0.04832966531288175,000961
1512,2011-04-13,4.815,0.4103600639277992,4.941,4.719,0.04099418616770665,000961
1513,2011-04-14,4.91,0.4009589169878725,4.91,4.776,0.024020236147851527,000961
1514,2011-04-15,4.78,0.40603553633543293,4.925,4.673,0.04156004931993231,000961
1515,2011-04-18,4.853,0.428974334868854,5.139,4.807,0.05594321466688252,000961
1516,2011-04-19,5.044,0.4146845915201655,5.116,4.948,0.025058624200389346,000961
1517,2011-04-20,4.964,0.3862931277615869,5.074,4.662,0.06622338602346793,000961
1518,2011-04-21,4.7,0.37802011845445144,4.73,4.517,0.06885565436388995,000961
1519,2011-04-22,4.574,0.3808404625364295,4.662,4.547,0.024706661208798813,000961
1520,2011-04-25,4.585,0.38196860016922063,4.677,4.513,0.021447600579485353,000961
1521,2011-04-26,4.623,0.38948951772116197,4.765,4.539,0.03151127904621581,000961
1522,2011-04-27,4.708,0.3754818087806712,4.73,4.532,0.048028908723382654,000961
1523,2011-04-29,4.413,0.3786781987402464,4.597,4.375,0.03638107270334231,000961
1524,2011-05-03,4.547,0.38018238225063467,4.662,4.509,0.016004813764778688,000961
1525,2011-05-04,4.574,0.3704992009025101,4.658,4.467,0.015738410837442207,000961
1526,2011-05-05,4.49,0.3837548180878067,4.646,4.49,0.0256491182802033,000961
1527,2011-05-06,4.581,0.38196860016922063,4.685,4.532,0.013165127086771075,000961
1528,2011-05-09,4.62,0.3826266804550156,4.669,4.559,0.01039285136847878,000961
1529,2011-05-10,4.623,0.386669173639184,4.666,4.578,0.014977444811425098,000961
1530,2011-05-11,4.662,0.39089968976215106,4.776,4.616,0.0250391787312407,000961
1531,2011-05-12,4.688,0.39165178151734514,4.834,4.666,0.031937134820571214,000961
1532,2011-05-13,4.738,0.40490739870264175,4.872,4.681,0.030622621106122586,000961
1533,2011-05-16,4.872,0.3995487449468835,4.99,4.803,0.03819274224569138,000961
1534,2011-05-17,4.803,0.3934379994359313,4.925,4.696,0.039106031113372894,000961
1535,2011-05-18,4.746,0.39560026323211434,4.795,4.662,0.020715154574886267,000961
1536,2011-05-19,4.75,0.37623390053586536,4.811,4.547,0.03934780311312109,000961
1537,2011-05-20,4.562,0.368336937106327,4.562,4.455,0.030496225556656372,000961
1538,2011-05-23,4.452,0.3506627808592649,4.539,4.28,0.01740035026734668,000961
1539,2011-05-24,4.299,0.35254301024725015,4.329,4.188,0.01270686219716793,000961
1540,2011-05-25,4.272,0.3399454733477484,4.303,4.165,0.017005607243629123,000961
1541,2011-05-26,4.203,0.32847607408103785,4.234,3.974,0.021892901822989398,000961
1542,2011-05-27,4.024,0.3198270188963054,4.134,3.936,0.02558105913818303,000961
1543,2011-05-30,3.989,0.2932217730563129,3.989,3.672,0.05739255030076178,000961
1544,2011-05-31,3.668,0.2957600827300931,3.741,3.569,0.0781123458609515,000961
1545,2011-06-01,3.634,0.2918116010153239,3.687,3.619,0.07688987403380648,000961
1546,2011-06-02,3.592,0.28212841966719937,3.638,3.492,0.05169567602251277,000961
1547,2011-06-03,3.554,0.2924696813011188,3.676,3.538,0.054016816856556425,000961
1548,2011-06-07,3.661,0.2961361286076901,3.726,3.622,0.04213822793595212,000961
1549,2011-06-08,3.699,0.3032810002820344,3.787,3.653,0.03989033170236837,000961
1550,2011-06-09,3.741,0.29641816301588797,3.794,3.699,0.027433564165744263,000961
1551,2011-06-10,3.699,0.3032810002820344,3.852,3.695,0.028125174685131187,000961
1552,2011-06-13,3.729,0.3018708282410454,3.771,3.68,0.019311839884658812,000961
1553,2011-06-14,3.76,0.3180408009777193,4.077,3.745,0.07932898404735195,000961
1554,2011-06-15,3.905,0.31080191783397576,3.974,3.84,0.026091826794487526,000961
1555,2011-06-16,3.791,0.31080191783397576,3.92,3.791,0.023225564641976764,000961
1556,2011-06-17,3.84,0.31437435367114785,3.951,3.821,0.03586965686473286,000961
1557,2011-06-20,3.878,0.32123719093729436,4.024,3.859,0.050998231862381255,000961
1558,2011-06-21,3.993,0.3287581084892357,4.115,3.955,0.059773323906861284,000961
1559,2011-06-22,4.058,0.3263138102848548,4.066,3.993,0.020252352409148435,000961
1560,2011-06-23,4.051,0.32810002820344086,4.081,3.958,0.019806402983339435,000961
1561,2011-06-24,4.031,0.34332988624612204,4.24,4.012,0.05076618259720738,000961
1562,2011-06-27,4.166,0.3451161041647081,4.243,4.128,0.026015341282502845,000961
1563,2011-06-28,4.224,0.34765441383848833,4.305,4.143,0.016725592487888585,000961
1564,2011-06-29,4.236,0.328852119958635,4.236,4.004,0.05137741851077989,000961
1565,2011-06-30,4.031,0.330262291999624,4.174,4.024,0.05728041476200457,000961
1566,2011-07-01,4.085,0.3378772210209646,4.243,4.016,0.047070895276659246,000961
1567,2011-07-04,4.197,0.34765441383848833,4.301,4.151,0.06234401492831259,000961
1568,2011-07-05,4.321,0.34727836796089123,4.367,4.232,0.06916094822952373,000961
1569,2011-07-06,4.251,0.34765441383848833,4.263,4.166,0.024709902120323587,000961
1570,2011-07-07,4.263,0.3407915765723418,4.282,4.139,0.045946298977562416,000961
1571,2011-07-08,4.151,0.3469023220832942,4.251,4.12,0.03158906092281041,000961
1572,2011-07-11,4.236,0.34803045971608537,4.263,4.178,0.02363910495253802,000961
1573,2011-07-12,4.205,0.3371251292657705,4.209,4.128,0.023224268277366854,000961
1574,2011-07-13,4.151,0.3382532668985616,4.201,4.124,0.06236346039746125,000961
1575,2011-07-14,4.135,0.3259377644072577,4.135,3.997,0.0837418091794852,000961
1576,2011-07-15,4.012,0.3107079063645765,4.012,3.819,0.10972938233204377,000961
1577,2011-07-18,3.831,0.30854564256839334,3.838,3.746,0.06420300177892337,000961
1578,2011-07-19,3.8,0.3121180784055655,3.916,3.777,0.05274054589810014,000961
1579,2011-07-20,3.904,0.3095797687317853,3.919,3.819,0.024770183074684395,000961
1580,2011-07-21,3.854,0.3041271035066278,3.869,3.781,0.019161461589909265,000961
1581,2011-07-22,3.804,0.30375105762903076,3.815,3.754,0.0186416193813354,000961
1582,2011-07-25,3.742,0.2838206261163862,3.765,3.549,0.0403317438520427,000961
1583,2011-07-26,3.526,0.29359781893390996,3.696,3.526,0.021426210563421838,000961
1584,2011-07-27,3.646,0.2965121744852872,3.715,3.619,0.020523292612619603,000961
1585,2011-07-28,3.669,0.29293973864811507,3.688,3.626,0.013898869455980073,000961
1586,2011-07-29,3.684,0.29726426624048136,3.765,3.669,0.02608275224221816,000961
1587,2011-08-01,3.719,0.30346902322083297,3.823,3.665,0.023569101263602885,000961
1588,2011-08-02,3.765,0.2958540941994924,3.765,3.588,0.022449042240640742,000961
1589,2011-08-03,3.642,0.2961361286076901,3.746,3.63,0.010908804483222916,000961
1590,2011-08-04,3.707,0.2961361286076901,3.754,3.688,0.012090440825155778,000961
1591,2011-08-05,3.603,0.2900253830967378,3.707,3.553,0.019498516388485838,000961
1592,2011-08-08,3.619,0.2783679608912287,3.619,3.395,0.030301122682864935,000961
1593,2011-08-09,3.364,0.2863589357901664,3.634,3.364,0.03794902569902832,000961
1594,2011-08-10,3.673,0.3088276769765912,3.946,3.673,0.10879535163060369,000961
1595,2011-08-11,3.765,0.3171946977531259,3.977,3.746,0.06940920205232148,000961
1596,2011-08-12,3.935,0.31757074363072296,3.981,3.862,0.04711561985570114,000961
1597,2011-08-15,3.97,0.3164426059979318,3.97,3.865,0.04469595531130433,000961
1598,2011-08-16,3.896,0.31503243395694275,4.0,3.869,0.03272986177953111,000961
1599,2011-08-17,3.858,0.31540847983453985,3.989,3.846,0.03636162723419366,000961
1600,2011-08-18,3.904,0.3077935508131992,4.058,3.777,0.08797314326623107,000961
1601,2011-08-19,3.738,0.3132462160383567,3.896,3.673,0.025043067825070427,000961
1602,2011-08-22,3.858,0.3121180784055655,3.939,3.835,0.015345612360639508,000961
1603,2011-08-23,3.873,0.31757074363072296,3.935,3.862,0.01530801778695212,000961
1604,2011-08-24,3.95,0.31757074363072296,4.016,3.923,0.02987332236159467,000961
1605,2011-08-25,3.927,0.3269718905706496,4.047,3.9,0.037608729988926975,000961
1606,2011-08-26,4.016,0.3273479364482467,4.058,3.985,0.019090809718669177,000961
1607,2011-08-29,4.02,0.31362226191595377,4.02,3.869,0.022101616525184893,000961
1608,2011-08-30,3.916,0.30487919526182194,3.946,3.792,0.017247379243377315,000961
1609,2011-08-31,3.788,0.306289367302811,3.835,3.742,0.007906424046671615,000961
1610,2011-09-01,3.842,0.3019648397104447,3.842,3.738,0.012043123516894069,000961
1611,2011-09-02,3.75,0.29726426624048136,3.796,3.684,0.007510384658344143,000961
1612,2011-09-05,3.692,0.2976403121180784,3.75,3.665,0.009574197117320686,000961
1613,2011-09-06,3.669,0.2961361286076901,3.738,3.646,0.007253704465581986,000961
1614,2011-09-07,3.723,0.3023408855880418,3.777,3.692,0.007663355682313511,000961
1615,2011-09-08,3.75,0.2961361286076901,3.773,3.696,0.008198754266206294,000961
1616,2011-09-09,3.742,0.2867349816677635,3.754,3.553,0.013110679773154861,000961
1617,2011-09-13,3.58,0.2794960985240199,3.619,3.48,0.010822596236663908,000961
1618,2011-09-14,3.549,0.28090627056500894,3.549,3.484,0.00923130867799952,000961
1619,2011-09-15,3.549,0.27874400676882577,3.565,3.514,0.009277329621651322,000961
1620,2011-09-16,3.541,0.28024819027921405,3.611,3.518,0.013863219429207551,000961
1621,2011-09-19,3.518,0.2675566419103131,3.522,3.395,0.012613523945254418,000961
1622,2011-09-20,3.414,0.26896681395130206,3.453,3.352,0.01955296370210205,000961
1623,2011-09-21,3.403,0.27695778885023975,3.503,3.387,0.023343533821478565,000961
1624,2011-09-22,3.472,0.2595656670113754,3.472,3.279,0.047467582847291676,000961
1625,2011-09-23,3.244,0.24499388925448906,3.244,3.121,0.08377097738320817,000961
1626,2011-09-26,3.148,0.22872990504841595,3.148,2.974,0.05490936389047939,000961
1627,2011-09-27,3.009,0.2312682147221961,3.024,2.943,0.029616642168832513,000961
1628,2011-09-28,3.024,0.21820062047569805,3.04,2.87,0.04303077496987508,000961
1629,2011-09-29,2.855,0.21998683839428407,2.928,2.816,0.06006111685026128,000961
1630,2011-09-30,2.928,0.22694368712982987,3.028,2.897,0.09631200861947643,000961
1631,2011-10-10,2.978,0.21820062047569805,3.005,2.835,0.02858862503317397,000961
1632,2011-10-11,2.932,0.20550907210679703,2.959,2.7,0.07955195876025645,000961
1633,2011-10-12,2.735,0.21707248284290687,2.878,2.708,0.07735850984028891,000961
1634,2011-10-13,2.851,0.21998683839428407,2.916,2.828,0.04765944480955834,000961
1635,2011-10-14,2.886,0.21603835667951493,2.905,2.828,0.022261069372203807,000961
1636,2011-10-17,2.87,0.21237190937294348,2.878,2.781,0.026433418869198783,000961
1637,2011-10-18,2.789,0.20184262480022563,2.789,2.7,0.030072962511520793,000961
1638,2011-10-19,2.7,0.19751809720785937,2.731,2.646,0.023618363118779462,000961
1639,2011-10-20,2.635,0.1866127667575444,2.643,2.504,0.024470722849795214,000961
1640,2011-10-21,2.538,0.18849299614552975,2.604,2.519,0.03255679710410814,000961
1641,2011-10-24,2.577,0.19422769577888505,2.643,2.538,0.028389633065552804,000961
1642,2011-10-25,2.608,0.20513302622919993,2.762,2.589,0.05327724084660283,000961
1643,2011-10-26,2.716,0.2189527122308922,2.889,2.704,0.11166939197077393,000961
1644,2011-10-27,2.862,0.22365328570085552,2.97,2.824,0.056264713090140174,000961
1645,2011-10-28,2.974,0.24029331578452573,3.19,2.974,0.10064057005196554,000961
1646,2011-10-31,3.048,0.2457459810096832,3.179,3.021,0.06267718063305942,000961
1647,2011-11-01,3.125,0.2388831437435367,3.171,3.044,0.04262436466466833,000961
1648,2011-11-02,3.009,0.24395976309109713,3.183,2.99,0.027946276368963623,000961
1649,2011-11-03,3.167,0.23672087994735358,3.179,3.051,0.03365611429331172,000961
1650,2011-11-04,3.094,0.23775500611074551,3.136,3.067,0.027290315876349218,000961
1651,2011-11-07,3.059,0.23051612296700197,3.094,2.997,0.023869209670797024,000961
1652,2011-11-08,3.021,0.22290119394566138,3.036,2.905,0.053280481758127614,000961
1653,2011-11-09,2.92,0.2276017674156247,2.974,2.859,0.026345914258029866,000961
1654,2011-11-10,2.932,0.21998683839428407,2.959,2.874,0.0354619501949162,000961
1655,2011-11-11,2.909,0.21932875810848923,2.92,2.862,0.02033402337957276,000961
1656,2011-11-14,2.901,0.22722572153802767,2.978,2.901,0.027259851308016336,000961
1657,2011-11-15,2.967,0.2250634577418445,2.97,2.913,0.01955166733749214,000961
1658,2011-11-16,2.947,0.21274795525054058,2.959,2.801,0.04376192460986426,000961
1659,2011-11-17,2.82,0.20513302622919993,2.839,2.731,0.037388348005242295,000961
1660,2011-11-18,2.704,0.2011845445144308,2.743,2.681,0.028013039146373982,000961
1661,2011-11-21,2.72,0.2047569803516029,2.739,2.685,0.02720410762979021,000961
1662,2011-11-22,2.716,0.2047569803516029,2.758,2.693,0.024862224961988,000961
1663,2011-11-23,2.739,0.20156059039202784,2.754,2.689,0.016556416906295345,000961
1664,2011-11-24,2.666,0.203722854188211,2.801,2.635,0.02815175015963434,000961
1665,2011-11-25,2.704,0.20297076243301687,2.747,2.7,0.016969309034551645,000961
1666,2011-11-28,2.72,0.20691924414778606,2.758,2.704,0.020243277856879068,000961
1667,2011-11-29,2.781,0.21566231080191783,2.847,2.754,0.030085926157619892,000961
1668,2011-11-30,2.847,0.21707248284290687,2.947,2.774,0.061339980537937384,000961
1669,2011-12-01,3.005,0.23813105198834256,3.148,2.99,0.17030655600621797,000961
1670,2011-12-02,2.97,0.23672087994735358,3.179,2.97,0.10418288634854432,000961
1671,2011-12-05,3.024,0.23963523549873084,3.144,2.951,0.049893081032433076,000961
1672,2011-12-06,3.082,0.24395976309109713,3.244,3.028,0.05892939054580995,000961
1673,2011-12-07,3.148,0.23775500611074551,3.167,3.044,0.03459597863549639,000961
1674,2011-12-08,3.082,0.2519507379900348,3.26,2.994,0.07114114517116109,000961
1675,2011-12-09,3.179,0.2580614835009871,3.376,3.163,0.05617785666127621,000961
1676,2011-12-12,3.279,0.2515746921124377,3.298,3.213,0.03573483494530223,000961
1677,2011-12-13,3.171,0.241797499294914,3.229,3.067,0.03478589605084819,000961
1678,2011-12-14,3.152,0.24725016452007142,3.217,3.09,0.020778028258466894,000961
1679,2011-12-15,3.121,0.25232678386763185,3.345,3.121,0.036877580348937795,000961
1680,2011-12-16,3.086,0.2613518849299615,3.345,3.071,0.04098705616235214,000961
1681,2011-12-19,3.287,0.26059979317476734,3.349,3.225,0.037501131726304454,000961
1682,2011-12-21,3.325,0.24866033656106046,3.36,3.125,0.031611099121178876,000961
1683,2011-12-22,3.175,0.24790824480586632,3.221,3.021,0.017719904143689468,000961
1684,2011-12-23,3.179,0.2635141487261446,3.418,3.129,0.04151338019397555,000961
1685,2011-12-26,3.318,0.2584375293785842,3.36,3.244,0.023027869038965507,000961
1686,2011-12-27,3.279,0.25044655447964653,3.356,3.213,0.013584501038076924,000961
1687,2011-12-28,3.167,0.2453699351320861,3.237,3.051,0.022656460578226324,000961
1688,2011-12-29,3.117,0.2526088182758297,3.24,3.086,0.026644726300614093,000961
1689,2011-12-30,3.267,0.25336091003102384,3.352,3.225,0.028776597901610905,000961
1690,2012-01-04,3.248,0.23202030647739025,3.295,3.017,0.028826507939092437,000961
1691,2012-01-05,2.99,0.23089216884459907,3.078,2.974,0.031938431185181124,000961
1692,2012-01-06,2.963,0.22656764125223278,3.055,2.832,0.018385587370878198,000961
1693,2012-01-09,2.94,0.23963523549873084,3.105,2.932,0.024628231149899264,000961
1694,2012-01-10,3.117,0.24395976309109713,3.213,3.102,0.03580872772806709,000961
1695,2012-01-11,3.148,0.25082260035724363,3.26,3.125,0.030469001899848264,000961
1696,2012-01-12,3.221,0.24283162545830594,3.329,3.136,0.038690546255896775,000961
1697,2012-01-13,3.152,0.24029331578452573,3.171,3.051,0.02674908365171184,000961
1698,2012-01-16,3.067,0.23484065055936826,3.148,3.051,0.010252843990608513,000961
1699,2012-01-17,3.013,0.24725016452007142,3.202,2.909,0.0333184113124302,000961
1700,2012-01-18,3.163,0.23455861615117046,3.198,3.028,0.026296004220548334,000961
1701,2012-01-19,3.051,0.24104540753971987,3.171,3.04,0.017817779671737664,000961
1702,2012-01-20,3.117,0.2580614835009871,3.314,3.105,0.032340304214253185,000961
1703,2012-01-30,3.298,0.24866033656106046,3.341,3.175,0.029930362404430706,000961
1704,2012-01-31,3.221,0.2526088182758297,3.24,3.175,0.012853351398087748,000961
1705,2012-02-01,3.233,0.24395976309109713,3.264,3.144,0.012535742068659825,000961
1706,2012-02-02,3.159,0.25232678386763185,3.237,3.109,0.01526070047869041,000961
1707,2012-02-03,3.225,0.25298486415342675,3.271,3.175,0.015197178612804825,000961
1708,2012-02-06,3.244,0.24612202688728024,3.264,3.156,0.019245077107248452,000961
1709,2012-02-07,3.14,0.24687411864247438,3.298,3.117,0.019433698157990342,000961
1710,2012-02-08,3.221,0.2599417128889725,3.341,3.152,0.02875261515632757,000961
1711,2012-02-09,3.279,0.27441947917645954,3.514,3.271,0.06787365817188322,000961
1712,2012-02-10,3.541,0.2882391651781518,3.703,3.503,0.08346827624679422,000961
1713,2012-02-13,3.491,0.2715051236250823,3.511,3.364,0.06831442213925258,000961
1714,2012-02-14,3.445,0.2718811695026793,3.449,3.376,0.03380130712962163,000961
1715,2012-02-15,3.445,0.2755476168092507,3.491,3.391,0.031137277856256813,000961
1716,2012-02-16,3.437,0.2715051236250823,3.541,3.426,0.025441699942617718,000961
1717,2012-02-17,3.484,0.2715051236250823,3.491,3.395,0.015279497765534103,000961
1718,2012-02-20,3.534,0.2783679608912287,3.595,3.487,0.03620671166330943,000961
1719,2012-02-21,3.514,0.292563692770518,3.684,3.426,0.03466727868904144,000961
1720,2012-02-22,3.669,0.30704145905800506,3.908,3.646,0.09230170469872019,000961
1721,2012-02-23,3.85,0.30704145905800506,3.877,3.761,0.028298239360554155,000961
1722,2012-02-24,3.784,0.3218952712230892,4.166,3.784,0.05216171909977538,000961
1723,2012-02-27,3.973,0.31108395224217356,4.174,3.862,0.05562236442592983,000961
1724,2012-02-28,3.892,0.3208611450596973,3.997,3.823,0.03501729713371711,000961
1725,2012-02-29,3.927,0.31249412428316253,3.977,3.823,0.031481462660187885,000961
1726,2012-03-01,3.892,0.316160571589734,3.981,3.85,0.013146977982232338,000961
1727,2012-03-02,3.962,0.3342107737143931,4.155,3.896,0.04459743160095118,000961
1728,2012-03-05,4.101,0.344364012409514,4.267,4.101,0.043001606766152105,000961
1729,2012-03-06,4.205,0.3451161041647081,4.243,4.108,0.020602370853824107,000961
1730,2012-03-07,4.182,0.3407915765723418,4.216,4.112,0.025452070859496998,000961
1731,2012-03-08,4.201,0.35197894143085456,4.398,4.197,0.027727838932193806,000961
1732,2012-03-09,4.371,0.35197894143085456,4.371,4.209,0.027471158739431647,000961
1733,2012-03-12,4.24,0.3353389113471844,4.294,4.108,0.03856609525334542,000961
1734,2012-03-13,4.12,0.344740058287111,4.22,4.108,0.02038652614627411,000961
1735,2012-03-14,4.228,0.3171946977531259,4.274,3.916,0.02720410762979021,000961
1736,2012-03-15,3.962,0.30450314938422485,3.962,3.692,0.06025881245327254,000961
1737,2012-03-16,3.784,0.3113659866503714,3.881,3.742,0.04937972064690876,000961
1738,2012-03-19,3.838,0.32302340885588043,3.997,3.8,0.023312421070840725,000961
1739,2012-03-20,3.946,0.3237755006110746,4.097,3.916,0.0549177902604438,000961
1740,2012-03-21,4.043,0.32151922534549215,4.078,3.935,0.01520690134737915,000961
1741,2012-03-22,3.993,0.328852119958635,4.108,3.935,0.018521705654918737,000961
1742,2012-03-23,4.02,0.3183228353859171,4.07,3.85,0.016910324444800746,000961
1743,2012-03-26,3.939,0.31249412428316253,3.973,3.854,0.007138328015300005,000961
1744,2012-03-27,3.896,0.3107079063645765,3.954,3.8,0.021325742306153823,000961
1745,2012-03-28,3.819,0.30158879383284765,3.912,3.742,0.029028740818238377,000961
1746,2012-03-29,3.727,0.31794678950832006,3.954,3.727,0.03719648604297563,000961
1747,2012-03-30,3.935,0.33392873930619543,4.147,3.885,0.042251659839319236,000961
1748,2012-04-05,4.043,0.34332988624612204,4.224,4.027,0.026443789786078063,000961
1749,2012-04-06,4.178,0.344740058287111,4.332,4.178,0.038603689827032814,000961
1750,2012-04-09,4.24,0.34727836796089123,4.301,4.174,0.015591273454217432,000961
1751,2012-04-10,4.236,0.34840650559368247,4.263,4.093,0.016877915329552996,000961
1752,2012-04-11,4.236,0.3501927235122685,4.475,4.166,0.051422143089821785,000961
1753,2012-04-12,4.278,0.35197894143085456,4.336,4.247,0.02089923834949347,000961
1754,2012-04-13,4.321,0.3487825514712795,4.456,4.224,0.018163909022583608,000961
1755,2012-04-16,4.216,0.35602143461502306,4.371,4.147,0.01843614559066468,000961
1756,2012-04-17,4.34,0.35235498730845166,4.355,4.236,0.008279777054325662,000961
1757,2012-04-18,4.321,0.35780765253360913,4.452,4.243,0.015645072585528694,000961
1758,2012-04-19,4.386,0.3593118360439974,4.402,4.255,0.021633628901007423,000961
1759,2012-04-20,4.394,0.354235216696437,4.394,4.282,0.01988677758915385,000961
1760,2012-04-23,4.267,0.3342107737143931,4.321,4.093,0.020549868087122756,000961
1761,2012-04-24,4.105,0.34295384036852494,4.282,4.02,0.0619842737490626,000961
1762,2012-04-25,4.201,0.3755758202500705,4.571,4.132,0.06797412642915122,000961
1763,2012-04-26,4.521,0.37595186612766757,4.583,4.425,0.02982081959489332,000961
1764,2012-04-27,4.552,0.37162733853530133,4.645,4.429,0.019210075262780887,000961
1765,2012-05-02,4.544,0.3814045313528251,4.652,4.417,0.024203671740153775,000961
1766,2012-05-03,4.575,0.3755758202500705,4.641,4.456,0.0334694377894847,000961
1767,2012-05-04,4.564,0.37811412992385074,4.629,4.448,0.016618642407571018,000961
1768,2012-05-07,4.533,0.3831907492714111,4.649,4.506,0.038243300465477865,000961
1769,2012-05-08,4.645,0.39372003384412896,4.757,4.568,0.04518598113385027,000961
1770,2012-05-09,4.706,0.3792422675566419,4.706,4.575,0.02536456624832808,000961
1771,2012-05-10,4.614,0.3751997743724734,4.622,4.498,0.012472868385079196,000961
1772,2012-05-11,4.544,0.379618313434239,4.606,4.498,0.012437866540611629,000961
1773,2012-05-14,4.575,0.38864341449656864,4.757,4.575,0.03114375967930636,000961
1774,2012-05-15,4.622,0.39776252702829745,4.845,4.506,0.023685125896189818,000961
1775,2012-05-16,4.776,0.3788662216790449,4.776,4.575,0.023517246679206488,000961
1776,2012-05-17,4.583,0.38723324245557955,4.691,4.583,0.013541072823644943,000961
1777,2012-05-18,4.641,0.3767039578828617,4.726,4.556,0.015851194558504367,000961
1778,2012-05-21,4.556,0.38281470339381407,4.629,4.421,0.023624196759524055,000961
1779,2012-05-23,4.745,0.41045407539719847,4.984,4.745,0.04982307734349794,000961
1780,2012-05-24,4.892,0.4140265112343706,5.092,4.868,0.04585360890795386,000961
1781,2012-05-25,4.93,0.4187270847043339,5.2,4.861,0.036045962451680603,000961
1782,2012-05-28,4.934,0.45501551189245093,5.401,4.934,0.057659601410403216,000961
1783,2012-05-29,5.393,0.4499388925448905,5.478,5.262,0.04230221805910572,000961
1784,2012-05-30,5.324,0.4448622731973301,5.432,5.262,0.02259293871234074,000961
1785,2012-05-31,5.25,0.453981385729059,5.401,5.135,0.028683907832002347,000961
1786,2012-06-01,5.385,0.44702453699351324,5.439,5.243,0.017716663232164694,000961
1787,2012-06-04,5.227,0.44561436495252427,5.382,5.15,0.023604751290375408,000961
1788,2012-06-05,5.285,0.4321707248284291,5.354,5.104,0.019436939069515116,000961
1789,2012-06-06,5.15,0.41224029331578455,5.204,4.826,0.039251872131987754,000961
1790,2012-06-07,4.976,0.4183510388267369,5.162,4.942,0.02912078270554198,000961
1791,2012-06-08,5.115,0.41910313058193105,5.154,5.003,0.018803664957574136,000961
1792,2012-06-11,4.938,0.44091379148256094,5.277,4.938,0.02954274938606765,000961
1793,2012-06-12,5.208,0.4415718717683558,5.424,5.169,0.019777882961921418,000961
1794,2012-06-13,5.277,0.44345210115634104,5.393,5.239,0.017240897420327767,000961
1795,2012-06-14,5.223,0.43395694274701513,5.3,5.115,0.030399646393218085,000961
1796,2012-06-15,5.158,0.3991726990692865,5.204,4.699,0.07617233622222136,000961
1797,2012-06-18,4.818,0.3999247908244806,4.922,4.687,0.07328986951208673,000961
1798,2012-06-19,4.764,0.391933815925543,4.861,4.703,0.027760896229746507,000961
1799,2012-06-20,4.73,0.39334398796653197,4.841,4.722,0.027364208659114084,000961
1800,2012-06-21,4.726,0.3944721255993231,4.791,4.629,0.025610875524210958,000961
1801,2012-06-25,4.73,0.3723794302904955,4.745,4.363,0.06179370815140585,000961
1802,2012-06-26,4.471,0.3995487449468835,4.822,4.436,0.05815221996216897,000961
1803,2012-06-27,4.772,0.41224029331578455,4.946,4.726,0.04985483827644073,000961
1804,2012-06-28,4.938,0.39409607972172606,4.938,4.737,0.01646696774821156,000961
1805,2012-06-29,4.714,0.3999247908244806,4.841,4.629,0.010887414467159403,000961
1806,2012-07-02,4.814,0.40819780013161605,4.946,4.764,0.01663808787671967,000961
1807,2012-07-03,4.919,0.41477860298956476,5.065,4.861,0.014961240253801225,000961
1808,2012-07-04,4.946,0.4056594904578359,5.007,4.857,0.012432032899867034,000961
1809,2012-07-05,4.868,0.40058287111027546,4.926,4.706,0.015448025164822387,000961
1810,2012-07-06,4.919,0.41477860298956476,5.034,4.799,0.02911170815327261,000961
1811,2012-07-09,4.93,0.42596596784807744,5.158,4.822,0.03789393020310715,000961
1812,2012-07-10,4.984,0.4132744194791765,5.069,4.938,0.022745909736310105,000961
1813,2012-07-11,4.949,0.3904296324151547,5.011,4.625,0.027589127918933448,000961
1814,2012-07-12,4.668,0.4013349628654696,4.841,4.668,0.01786704152691424,000961
1815,2012-07-13,4.83,0.38431888690420235,4.83,4.614,0.019715009278340787,000961
1816,2012-07-16,4.645,0.35780765253360913,4.649,4.282,0.029501265718550534,000961
1817,2012-07-17,4.379,0.3614740998401805,4.483,4.274,0.01940582631887728,000961
1818,2012-07-18,4.425,0.35348312494124284,4.425,4.139,0.02507871785184295,000961
1819,2012-07-19,4.309,0.35385917081883994,4.429,4.197,0.02501065870982268,000961
1820,2012-07-20,4.286,0.354235216696437,4.355,4.159,0.02603997221009113,000961
1821,2012-07-23,4.29,0.35197894143085456,4.367,4.193,0.009035557621903128,000961
1822,2012-07-24,4.297,0.35893579016640037,4.425,4.29,0.01669188700803093,000961
1823,2012-07-25,4.301,0.33928739306195355,4.398,4.128,0.02436571731639251,000961
1824,2012-07-26,4.162,0.3244335808968694,4.189,4.004,0.016511692327253455,000961
1825,2012-07-27,3.997,0.3233994547334775,4.039,3.873,0.018787460399950263,000961
1826,2012-07-30,3.981,0.33101438375481806,4.108,3.916,0.014884106559511587,000961
1827,2012-07-31,4.089,0.3425777944909279,4.251,4.054,0.01613509840807463,000961
1828,2012-08-01,4.197,0.344364012409514,4.394,4.166,0.029915454211416743,000961
1829,2012-08-02,4.197,0.3107079063645765,4.282,3.8,0.040727783240370165,000961
1830,2012-08-03,3.908,0.31390429632415157,3.908,3.819,0.015133656746919242,000961
1831,2012-08-06,3.862,0.31794678950832006,3.962,3.742,0.027823121731022183,000961
1832,2012-08-07,3.939,0.31869888126351414,3.962,3.862,0.018079645322939465,000961
1833,2012-08-08,3.958,0.3237755006110746,4.043,3.873,0.03094800862320997,000961
1834,2012-08-09,4.004,0.3306383378772211,4.108,3.993,0.037254822450421575,000961
1835,2012-08-10,4.02,0.3244335808968694,4.078,3.973,0.02157464431125652,000961
1836,2012-08-13,4.004,0.3099558146093824,4.004,3.804,0.04120743814603682,000961
1837,2012-08-14,3.865,0.3142803422017486,3.923,3.85,0.026590927169302832,000961
1838,2012-08-15,3.892,0.316160571589734,3.927,3.838,0.007654281130044141,000961
1839,2012-08-16,3.912,0.3208611450596973,3.973,3.892,0.009346036945976546,000961
1840,2012-08-17,3.95,0.32123719093729436,4.004,3.939,0.013345969949853506,000961
1841,2012-08-20,3.858,0.31108395224217356,3.927,3.804,0.036931379480249056,000961
1842,2012-08-21,3.858,0.30704145905800506,3.892,3.804,0.013828217584739984,000961
1843,2012-08-22,3.819,0.29077747485193195,3.819,3.549,0.03837034419724903,000961
1844,2012-08-23,3.634,0.29077747485193195,3.661,3.568,0.014922997497808885,000961
1845,2012-08-24,3.646,0.28852119958634953,3.646,3.557,0.00970577812522654,000961
1846,2012-08-27,3.576,0.29359781893390996,3.723,3.541,0.02230060849280606,000961
1847,2012-08-28,3.676,0.2867349816677635,3.692,3.58,0.009097134940873847,000961
1848,2012-08-29,3.568,0.2841966719939833,3.646,3.568,0.009908011004372481,000961
1849,2012-08-30,3.561,0.2900253830967378,3.696,3.549,0.014521772651041773,000961
1850,2012-08-31,3.642,0.3023408855880418,3.781,3.603,0.038450718803063444,000961
1851,2012-09-03,3.761,0.32988624612202694,4.147,3.707,0.09962033110396647,000961
1852,2012-09-04,4.051,0.3269718905706496,4.143,3.946,0.029150599091569907,000961
1853,2012-09-05,4.02,0.3335526934285983,4.139,3.997,0.02988628600769377,000961
1854,2012-09-06,4.135,0.33674908338817333,4.228,4.089,0.02156427339437724,000961
1855,2012-09-07,4.135,0.3425777944909279,4.321,4.135,0.03137321621526041,000961
1856,2012-09-10,4.139,0.3396634389395507,4.282,4.07,0.033522588738491,000961
1857,2012-09-11,4.101,0.3269718905706496,4.101,3.858,0.03882083089919272,000961
1858,2012-09-12,4.058,0.3400394848171477,4.174,3.946,0.027196977624435705,000961
1859,2012-09-13,4.139,0.3331766475510013,4.209,4.089,0.018922282319380892,000961
1860,2012-09-14,4.132,0.3269718905706496,4.17,3.981,0.046458362998476825,000961
1861,2012-09-17,4.031,0.3041271035066278,4.031,3.634,0.07485328523163805,000961
1862,2012-09-18,3.703,0.2918116010153239,3.738,3.619,0.049994845654311,000961
1863,2012-09-19,3.657,0.28598288991256937,3.68,3.557,0.038934262802559835,000961
1864,2012-09-20,3.603,0.27808592648303093,3.603,3.499,0.04161514481585348,000961
1865,2012-09-21,3.491,0.27075303186988814,3.507,3.376,0.04409962759074578,000961
1866,2012-09-24,3.395,0.2751715709316537,3.522,3.383,0.021982350981073182,000961
1867,2012-09-25,3.472,0.27329134154366835,3.511,3.422,0.022502841371952003,000961
1868,2012-09-26,3.491,0.2653943781141299,3.491,3.356,0.012516944781816131,000961
1869,2012-09-27,3.418,0.2700949515840933,3.426,3.202,0.0440231420787611,000961
1870,2012-09-28,3.349,0.28964933721914077,3.665,3.318,0.05275934318494384,000961
1871,2012-10-08,3.657,0.2863589357901664,3.68,3.568,0.02655203623100554,000961
1872,2012-10-09,3.638,0.2954780483218953,3.719,3.626,0.02714771576925913,000961
1873,2012-10-10,3.703,0.3088276769765912,3.842,3.673,0.040449713031544494,000961
1874,2012-10-11,3.811,0.31287017016075963,3.954,3.769,0.03851229612203416,000961
1875,2012-10-12,3.881,0.3157845257121369,3.954,3.808,0.031121073298632937,000961
1876,2012-10-15,3.912,0.3113659866503714,3.912,3.819,0.00895323846917385,000961
1877,2012-10-16,3.854,0.29905048415906743,3.865,3.673,0.018014178910139015,000961
1878,2012-10-17,3.757,0.2943499106891041,3.761,3.622,0.009307146007679248,000961
1879,2012-10-18,3.669,0.3291341543668328,4.054,3.669,0.056760572553430706,000961
1880,2012-10-19,3.973,0.33101438375481806,4.243,3.973,0.05723180108913295,000961
1881,2012-10-22,4.027,0.3501927235122685,4.39,3.97,0.04639613749720115,000961
1882,2012-10-23,4.27,0.3469023220832942,4.321,4.174,0.04674939685340159,000961
1883,2012-10-24,4.205,0.3440819780013162,4.297,4.186,0.01805047711921649,000961
1884,2012-10-25,4.155,0.3335526934285983,4.313,4.024,0.028648905987534782,000961
1885,2012-10-26,4.016,0.3396634389395507,4.178,3.939,0.021612887067248863,000961
1886,2012-10-29,4.112,0.33458681959199027,4.17,4.066,0.011929691613526952,000961
1887,2012-10-30,4.108,0.3400394848171477,4.305,4.105,0.026220166890868608,000961
1888,2012-10-31,4.17,0.3491585973488766,4.309,4.058,0.019088865171754312,000961
1889,2012-11-01,4.267,0.3704992009025101,4.552,4.213,0.05596266013603117,000961
1890,2012-11-02,4.479,0.3788662216790449,4.66,4.425,0.044124906700639024,000961
1891,2012-11-05,4.537,0.37773808404625364,4.629,4.471,0.0592048680254158,000961
1892,2012-11-06,4.517,0.37773808404625364,4.645,4.398,0.048227252508698866,000961
1893,2012-11-07,4.514,0.3704992009025101,4.649,4.406,0.0286514987167546,000961
1894,2012-11-08,4.467,0.3614740998401805,4.564,4.352,0.019482960013166916,000961
1895,2012-11-09,4.344,0.36072200808498633,4.467,4.332,0.017629806803300733,000961
1896,2012-11-12,4.39,0.368712982983924,4.575,4.39,0.021282962274026797,000961
1897,2012-11-13,4.502,0.3596878819215944,4.506,4.294,0.020926462006301577,000961
1898,2012-11-14,4.379,0.33646704897997554,4.379,4.081,0.022148285651141648,000961
1899,2012-11-15,4.128,0.3269718905706496,4.224,4.012,0.022660997854361008,000961
1900,2012-11-16,4.004,0.3306383378772211,4.116,4.004,0.028036373709352358,000961
1901,2012-11-19,4.074,0.3233994547334775,4.081,3.842,0.03374621163370046,000961
1902,2012-11-20,4.012,0.33496286546958726,4.143,3.962,0.04051388307973503,000961
1903,2012-11-21,4.108,0.34944063175707435,4.321,4.054,0.03867887897440759,000961
1904,2012-11-22,4.197,0.35780765253360913,4.379,4.174,0.038687305344372,000961
1905,2012-11-23,4.359,0.3610980539625835,4.483,4.321,0.02348159665243397,000961
1906,2012-11-26,4.352,0.35602143461502306,4.379,4.263,0.03357185059366758,000961
1907,2012-11-27,4.282,0.3466202876750964,4.309,4.197,0.024508965605787553,000961
1908,2012-11-28,4.186,0.3400394848171477,4.193,4.081,0.015065597604898973,000961
1909,2012-11-29,4.205,0.3552693428598289,4.409,4.128,0.018129555360420994,000961
1910,2012-11-30,4.282,0.3675848453511329,4.548,4.282,0.021847529061642553,000961
1911,2012-12-03,4.429,0.379618313434239,4.614,4.429,0.029715165879185663,000961
1912,2012-12-04,4.591,0.37595186612766757,4.633,4.448,0.025207706130528983,000961
1913,2012-12-05,4.544,0.39268590768073713,4.764,4.448,0.05443619080786227,000961
1914,2012-12-06,4.683,0.39268590768073713,4.795,4.645,0.024654158442097462,000961
1915,2012-12-07,4.73,0.3904296324151547,4.791,4.541,0.031889169330004546,000961
1916,2012-12-10,4.679,0.381028485475228,4.722,4.51,0.08081526607261363,000961
1917,2012-12-11,4.606,0.38723324245557955,4.706,4.556,0.03651395007585807,000961
1918,2012-12-12,4.683,0.37999435931183606,4.683,4.44,0.05428840524233255,000961
1919,2012-12-13,4.541,0.38394284102660525,4.683,4.479,0.0392512239496828,000961
1920,2012-12-14,4.571,0.4114882015605904,4.957,4.571,0.043677660910220115,000961
1921,2012-12-17,4.934,0.40462536429444396,5.092,4.791,0.03746612988183688,000961
1922,2012-12-18,4.865,0.38648115070038547,4.888,4.622,0.05124843023209386,000961
1923,2012-12-19,4.649,0.3831907492714111,4.652,4.502,0.08496298464202032,000961
1924,2012-12-20,4.587,0.3904296324151547,4.722,4.537,0.04969214451789704,000961
1925,2012-12-21,4.672,0.3831907492714111,4.807,4.571,0.05457036454498795,000961
1926,2012-12-24,4.649,0.39080567829275176,4.726,4.591,0.023808928716436212,000961
1927,2012-12-25,4.737,0.405001410172041,5.0,4.687,0.05699391818321448,000961
1928,2012-12-26,4.868,0.4241797499294915,5.073,4.853,0.06395928523226031,000961
1929,2012-12-27,5.065,0.4227695778885024,5.115,5.015,0.04006210001318144,000961
1930,2012-12-28,5.019,0.43000846103224594,5.131,4.976,0.019294987144729984,000961
1931,2012-12-31,5.162,0.44561436495252427,5.327,5.065,0.0386801753390175,000961
1932,2013-01-04,5.362,0.4466484911159162,5.424,5.189,0.06632255791612603,000961
1933,2013-01-07,5.204,0.4532292939738648,5.393,5.204,0.014335744329519704,000961
1934,2013-01-08,5.362,0.444110181442136,5.362,5.169,0.022950735344675868,000961
1935,2013-01-09,5.27,0.43508508037980637,5.27,5.131,0.01939675176660791,000961
1936,2013-01-10,5.169,0.4419479176459528,5.277,5.138,0.02381605872179072,000961
1937,2013-01-11,5.219,0.4212653943781141,5.262,4.938,0.03201037942103112,000961
1938,2013-01-14,5.023,0.44777662874870733,5.347,5.0,0.034485139461349096,000961
1939,2013-01-15,5.216,0.44448622731973303,5.343,5.216,0.02082988284286329,000961
1940,2013-01-16,5.281,0.4180690044185391,5.285,4.976,0.04614399458057367,000961
1941,2013-01-17,5.003,0.4079157657234183,5.061,4.888,0.029158377279229368,000961
1942,2013-01-18,4.938,0.42850427752185766,5.177,4.919,0.044990878260058834,000961
1943,2013-01-21,5.119,0.4158127291529567,5.25,4.949,0.057789886053699155,000961
1944,2013-01-22,4.976,0.4114882015605904,5.034,4.838,0.0401748837342436,000961
1945,2013-01-23,4.899,0.39804456143649525,4.992,4.706,0.04131762913787916,000961
1946,2013-01-24,4.78,0.38648115070038547,4.919,4.622,0.07515533818574706,000961
1947,2013-01-25,4.683,0.3690890288615211,4.71,4.436,0.06084476925695181,000961
1948,2013-01-28,4.475,0.37632791200526466,4.614,4.39,0.13184017711866683,000961
1949,2013-01-29,4.568,0.38027639372003386,4.718,4.537,0.12543354321649217,000961
1950,2013-01-30,4.614,0.39776252702829745,4.861,4.614,0.1506147775816868,000961
1951,2013-01-31,4.784,0.3835667951490082,4.795,4.614,0.08551069868970725,000961
1952,2013-02-01,4.629,0.37416564820908155,4.656,4.444,0.09038891871679815,000961
1953,2013-02-04,4.537,0.3614740998401805,4.575,4.282,0.103827682445429,000961
1954,2013-02-05,4.394,0.37595186612766757,4.571,4.305,0.09435968351695213,000961
1955,2013-02-06,4.556,0.3661746733101439,4.56,4.425,0.06577873296226884,000961
1956,2013-02-07,4.452,0.368712982983924,4.517,4.421,0.03298265287846354,000961
1957,2013-02-08,4.475,0.37595186612766757,4.587,4.475,0.05849316385457527,000961
1958,2013-02-18,4.575,0.37378960233148445,4.602,4.517,0.05124713386748395,000961
1959,2013-02-19,4.533,0.3545172511046348,4.533,4.263,0.09678388533748362,000961
1960,2013-02-20,4.324,0.3585597442888033,4.379,4.29,0.03606346337391439,000961
1961,2013-02-21,4.332,0.35780765253360913,4.463,4.301,0.05804397351724149,000961
1962,2013-02-22,4.398,0.3665507191877409,4.514,4.332,0.06560826101606569,000961
1963,2013-02-25,4.463,0.36326031775876655,4.49,4.371,0.03733390069162608,000961
1964,2013-02-26,4.382,0.36692676506533806,4.571,4.321,0.07010988712397777,000961
1965,2013-02-27,4.487,0.38431888690420235,4.66,4.452,0.12066616236354855,000961
1966,2013-02-28,4.641,0.39230986180314,4.764,4.641,0.08742478103623919,000961
1967,2013-03-01,4.695,0.3853530130675943,4.695,4.591,0.05057496881724567,000961
1968,2013-03-04,4.189,0.34154366832753597,4.24,4.186,0.0786218171526461,000961
1969,2013-03-05,3.954,0.3306383378772211,4.147,3.865,0.11651390651800717,000961
1970,2013-03-06,4.051,0.3269718905706496,4.108,4.008,0.08198847604458208,000961
1971,2013-03-07,4.012,0.33204850991821006,4.128,3.962,0.06018945694664236,000961
1972,2013-03-08,4.085,0.3222713171006863,4.093,3.977,0.030597990178534297,000961
1973,2013-03-11,3.973,0.32518567265206355,4.066,3.962,0.030419740044671687,000961
1974,2013-03-12,4.016,0.32123719093729436,4.081,3.935,0.028113507403641998,000961
1975,2013-03-13,3.973,0.31108395224217356,3.997,3.858,0.025989413990304647,000961
1976,2013-03-14,3.854,0.31249412428316253,3.935,3.823,0.015299591416987708,000961
1977,2013-03-15,3.869,0.3142803422017486,4.035,3.835,0.040685003208243135,000961
1978,2013-03-18,3.889,0.3168186518755288,3.993,3.881,0.016875322600333177,000961
1979,2013-03-19,3.935,0.3248096267744665,4.054,3.912,0.04437186415882686,000961
1980,2013-03-20,4.008,0.3331766475510013,4.151,4.008,0.05841603016028563,000961
1981,2013-03-21,4.062,0.32951020024442984,4.101,4.031,0.024830464029045207,000961
1982,2013-03-22,4.051,0.3269718905706496,4.058,3.985,0.01744831575791335,000961
1983,2013-03-25,4.027,0.32847607408103785,4.081,3.981,0.019141367938455663,000961
1984,2013-03-26,3.997,0.3269718905706496,4.147,3.993,0.026343321528810044,000961
1985,2013-03-27,4.012,0.330262291999624,4.089,4.004,0.017741942342057938,000961
1986,2013-03-28,4.051,0.3107079063645765,4.051,3.838,0.03328924310870723,000961
1987,2013-03-29,3.892,0.31390429632415157,3.908,3.715,0.051946522574530335,000961
1988,2013-04-01,3.858,0.3142803422017486,4.031,3.838,0.03877740268476074,000961
1989,2013-04-02,3.916,0.30704145905800506,3.997,3.811,0.04870950014358535,000961
1990,2013-04-03,3.869,0.30158879383284765,3.873,3.673,0.04368414273326966,000961
1991,2013-04-08,3.723,0.29077747485193195,3.723,3.607,0.040694725942817464,000961
1992,2013-04-09,3.649,0.29359781893390996,3.75,3.646,0.04618094097195611,000961
1993,2013-04-10,3.68,0.29839240387327254,3.73,3.676,0.026497588917389323,000961
1994,2013-04-11,3.738,0.30854564256839334,3.877,3.734,0.05811916266461627,000961
1995,2013-04-12,3.827,0.3081695966907963,3.873,3.808,0.01947518182550746,000961
1996,2013-04-15,3.846,0.3107079063645765,3.954,3.781,0.041795987678935914,000961
1997,2013-04-16,3.835,0.3328006016734042,4.108,3.819,0.061669257148854496,000961
1998,2013-04-17,4.081,0.33204850991821006,4.143,4.012,0.03383047533334461,000961
1999,2013-04-18,4.058,0.33392873930619543,4.178,4.024,0.02542484720268889,000961
2000,2013-04-19,4.047,0.32518567265206355,4.081,3.943,0.0824960027893618,000961
2001,2013-04-22,3.973,0.3142803422017486,4.008,3.838,0.07121438977162099,000961
2002,2013-04-23,3.877,0.29143555513772684,3.885,3.626,0.07078658945035074,000961
2003,2013-04-24,3.665,0.29143555513772684,3.692,3.588,0.07969974432578616,000961
2004,2013-04-25,3.638,0.2824104540753972,3.646,3.553,0.08111278175058795,000961
2005,2013-04-26,3.565,0.28711102754536055,3.63,3.557,0.057529964949412225,000961
2006,2013-05-02,3.607,0.29397386481150706,3.715,3.584,0.03601614606565268,000961
2007,2013-05-03,3.684,0.29980257591426157,3.757,3.665,0.039330302190887304,000961
2008,2013-05-06,3.746,0.29839240387327254,3.777,3.7,0.03858813345171389,000961
2009,2013-05-07,3.692,0.30450314938422485,3.796,3.692,0.042520007313570585,000961
2010,2013-05-08,3.811,0.30450314938422485,3.885,3.784,0.04541154857597459,000961
2011,2013-05-09,3.781,0.29472595656670114,3.804,3.673,0.037721513709989135,000961
2012,2013-05-10,3.688,0.2976403121180784,3.738,3.673,0.01699199541522507,000961
2013,2013-05-13,3.73,0.29359781893390996,3.754,3.657,0.03403594912401532,000961
2014,2013-05-14,3.676,0.2882391651781518,3.676,3.553,0.033839549885613975,000961
2015,2013-05-15,3.603,0.2878631193005547,3.622,3.58,0.01969167471536241,000961
2016,2013-05-16,3.607,0.30121274795525055,3.761,3.588,0.06324758106141978,000961
2017,2013-05-17,3.754,0.31249412428316253,3.881,3.738,0.07945019413837852,000961
2018,2013-05-20,3.935,0.3164426059979318,4.043,3.877,0.11632269273804546,000961
2019,2013-05-21,3.912,0.31973300742690614,3.985,3.889,0.03285431278208246,000961
2020,2013-05-22,3.935,0.32518567265206355,4.074,3.919,0.044872260898252074,000961
2021,2013-05-23,4.012,0.31794678950832006,4.135,3.935,0.04099742707923142,000961
2022,2013-05-24,3.935,0.31973300742690614,4.004,3.927,0.03794772933441841,000961
2023,2013-05-27,3.939,0.3157845257121369,3.943,3.889,0.029189490029867204,000961
2024,2013-05-28,3.9,0.34765441383848833,4.301,3.896,0.08991380108726618,000961
2025,2013-05-29,4.317,0.35639748049262016,4.433,4.243,0.1307745654093209,000961
2026,2013-05-30,4.348,0.36034596220738935,4.456,4.297,0.09040188236289726,000961
2027,2013-05-31,4.394,0.3491585973488766,4.413,4.251,0.05148760950262223,000961
2028,2013-06-03,4.27,0.3665507191877409,4.56,4.27,0.07093761592740523,000961
2029,2013-06-04,4.406,0.3622261915953746,4.533,4.317,0.049666865408003795,000961
2030,2013-06-05,4.394,0.34154366832753597,4.417,4.108,0.06521870345078776,000961
2031,2013-06-06,4.205,0.3265958446930526,4.216,3.966,0.06434560188601346,000961
2032,2013-06-07,4.016,0.3306383378772211,4.074,3.973,0.04215054339974627,000961
2033,2013-06-13,4.012,0.3088276769765912,4.012,3.711,0.04113484172788187,000961
2034,2013-06-14,3.823,0.31108395224217356,3.904,3.808,0.022486636814328127,000961
2035,2013-06-17,3.869,0.30375105762903076,3.873,3.673,0.02432228910196053,000961
2036,2013-06-18,3.784,0.31757074363072296,3.97,3.784,0.031562485448307254,000961
2037,2013-06-19,3.919,0.31108395224217356,3.919,3.761,0.039257705772732354,000961
2038,2013-06-20,3.8,0.316160571589734,3.993,3.781,0.06380048056754635,000961
2039,2013-06-21,3.823,0.32151922534549215,4.051,3.723,0.05679038893945863,000961
2040,2013-06-24,3.943,0.28852119958634953,4.012,3.576,0.06462496845944904,000961
2041,2013-06-25,3.561,0.2824104540753972,3.68,3.329,0.06083439834007253,000961
2042,2013-06-26,3.549,0.2954780483218953,3.804,3.549,0.05113435014642179,000961
2043,2013-06-27,3.734,0.28889724546394663,3.777,3.626,0.031576745459016266,000961
2044,2013-06-28,3.626,0.3027169314656388,3.889,3.626,0.09840304473526108,000961
2045,2013-07-01,3.742,0.3142803422017486,3.896,3.673,0.04129688730412061,000961
2046,2013-07-02,3.892,0.31249412428316253,3.958,3.804,0.035572789369063496,000961
2047,2013-07-03,3.838,0.2980163579956755,3.854,3.607,0.045917130773839444,000961
2048,2013-07-04,3.711,0.3027169314656388,3.865,3.657,0.02715808668613841,000961
2049,2013-07-05,3.781,0.31935696154930904,4.066,3.781,0.07829837418247358,000961
2050,2013-07-08,3.919,0.306665413180408,3.946,3.742,0.04187895501397015,000961
2051,2013-07-09,3.843,0.2942558992197048,3.843,3.648,0.0480541878332759,000961
2052,2013-07-10,3.687,0.30741750493560216,3.831,3.652,0.02713864121698976,000961
2053,2013-07-11,3.85,0.32612578734605624,4.131,3.843,0.05966572564423876,000961
2054,2013-07-12,4.014,0.31879289273291345,4.072,3.936,0.03083133580831808,000961
2055,2013-07-15,3.936,0.32574974146845914,4.108,3.909,0.026292115126718606,000961
2056,2013-07-16,3.998,0.324997649713265,4.041,3.928,0.025759957454350595,000961
2057,2013-07-17,3.979,0.33449280812259097,4.287,3.936,0.060771524656491896,000961
2058,2013-07-18,4.131,0.33449280812259097,4.185,4.057,0.030487151004387,000961
2059,2013-07-19,4.1,0.3139983077935508,4.135,3.878,0.04193340232758636,000961
2060,2013-07-22,3.893,0.31437435367114785,3.94,3.835,0.022364130358691645,000961
2061,2013-07-23,3.917,0.3202030647739024,4.037,3.897,0.044133333070603444,000961
2062,2013-07-24,3.936,0.3107079063645765,3.94,3.776,0.03446180489837072,000961
2063,2013-07-25,3.881,0.30337501175143367,3.917,3.776,0.028102488304457763,000961
2064,2013-07-26,3.765,0.30008461032245937,3.804,3.726,0.017474891232416502,000961
2065,2013-07-29,3.749,0.28250446554479647,3.749,3.429,0.06002092954735407,000961
2066,2013-07-30,3.554,0.2894613142803422,3.683,3.5,0.026887146482667244,000961
2067,2013-07-31,3.749,0.2942558992197048,3.878,3.675,0.033871310818556766,000961
2068,2013-08-01,3.772,0.2993325185672652,3.8,3.687,0.017688791393051632,000961
2069,2013-08-02,3.819,0.30337501175143367,3.87,3.772,0.03459597863549639,000961
2070,2013-08-05,3.757,0.3059133214252139,3.823,3.733,0.01593156916431878,000961
2071,2013-08-06,3.792,0.30892168844599044,3.843,3.741,0.018504852914989905,000961
2072,2013-08-07,3.839,0.30892168844599044,3.967,3.839,0.06284635621465266,000961
2073,2013-08-08,3.839,0.3059133214252139,3.885,3.788,0.014512698098772404,000961
2074,2013-08-09,3.819,0.3029989658738366,3.854,3.745,0.016669200627357505,000961
2075,2013-08-12,3.815,0.32133120240669366,3.975,3.78,0.04156653114298186,000961
2076,2013-08-13,3.971,0.33486885400018807,4.166,3.948,0.0679644036945769,000961
2077,2013-08-14,4.092,0.33195449844881075,4.158,4.045,0.0389621346416729,000961
2078,2013-08-15,4.088,0.32979223465262764,4.228,4.041,0.04337560795611111,000961
2079,2013-08-16,4.057,0.323211431794679,4.17,3.94,0.038854536379050376,000961
2080,2013-08-19,3.948,0.32424555795807086,4.041,3.924,0.0163340903756958,000961
2081,2013-08-20,4.03,0.3107079063645765,4.03,3.811,0.03590465870920043,000961
2082,2013-08-21,3.87,0.305255241139419,3.889,3.749,0.042218602541766535,000961
2083,2013-08-22,3.792,0.30008461032245937,3.881,3.733,0.038291265956044526,000961
2084,2013-08-23,3.757,0.2960421171382909,3.804,3.659,0.04871533378432994,000961
2085,2013-08-26,3.733,0.3029989658738366,3.784,3.675,0.043879893789366055,000961
2086,2013-08-27,3.78,0.30854564256839334,3.858,3.772,0.038332749623561646,000961
2087,2013-08-28,3.815,0.30121274795525055,3.815,3.671,0.02333770018073397,000961
2088,2013-08-29,3.8,0.2979223465262762,3.8,3.683,0.03710638870258689,000961
2089,2013-08-30,3.706,0.29867443828147033,3.765,3.679,0.021259627711048418,000961
2090,2013-09-02,3.741,0.2942558992197048,3.757,3.616,0.028560105011755953,000961
2091,2013-09-03,3.698,0.30450314938422485,3.796,3.683,0.031185243346823474,000961
2092,2013-09-04,3.792,0.3019648397104447,3.796,3.73,0.02392495334902315,000961
2093,2013-09-05,3.768,0.3026229199962395,3.804,3.757,0.02168483530309886,000961
2094,2013-09-06,3.772,0.2993325185672652,3.804,3.698,0.02184558451472769,000961
2095,2013-09-10,3.749,0.31145999811977065,3.885,3.749,0.0521643118289952,000961
2096,2013-09-11,4.08,0.316536617467331,4.088,3.87,0.0770681241676691,000961
2097,2013-09-12,3.839,0.3099558146093824,3.917,3.804,0.05467018461995101,000961
2098,2013-09-13,3.85,0.3095797687317853,3.917,3.815,0.036911934011100406,000961
2099,2013-09-16,3.885,0.3041271035066278,3.885,3.768,0.034057339140078836,000961
2100,2013-09-17,3.788,0.29641816301588797,3.8,3.702,0.025874037540022665,000961
2101,2013-09-18,3.722,0.2979223465262762,3.737,3.694,0.011289287496231468,000961
2102,2013-09-23,3.726,0.3019648397104447,3.772,3.726,0.014079712319062502,000961
2103,2013-09-24,3.753,0.29350380746451066,3.753,3.655,0.03910797566028776,000961
2104,2013-09-25,3.683,0.2909654977907305,3.687,3.636,0.01920424162203629,000961
2105,2013-09-26,3.644,0.27629970856444486,3.663,3.465,0.0599256467485257,000961
2106,2013-09-27,3.5,0.2777098806054339,3.523,3.465,0.022446449511420923,000961
2107,2013-09-30,3.546,0.28034220174861335,3.585,3.527,0.016811152552142637,000961
2108,2013-10-08,3.542,0.29162357807652534,3.663,3.511,0.029765075916667195,000961
2109,2013-10-09,3.64,0.28654695872896496,3.64,3.578,0.030236952634674394,000961
2110,2013-10-10,3.585,0.2843846949327818,3.624,3.57,0.02980007776113476,000961
2111,2013-10-11,3.605,0.2828805114223935,3.605,3.554,0.05184540613495736,000961
2112,2013-10-14,3.57,0.2777098806054339,3.581,3.488,0.05977462027147119,000961
2113,2013-10-15,3.519,0.2799661558710163,3.535,3.484,0.043307548814090845,000961
2114,2013-10-16,3.507,0.2740434332988625,3.519,3.429,0.044569559761838115,000961
2115,2013-10-17,3.484,0.27441947917645954,3.503,3.461,0.01682346801593678,000961
2116,2013-10-18,3.472,0.27376139889066464,3.484,3.449,0.015162824950642214,000961
2117,2013-10-21,3.465,0.27629970856444486,3.503,3.441,0.02119545766285788,000961
2118,2013-10-22,3.48,0.2740434332988625,3.5,3.457,0.020881089244954732,000961
2119,2013-10-23,3.48,0.27808592648303093,3.558,3.41,0.07414093287849256,000961
2120,2013-10-24,3.48,0.268214722196108,3.484,3.398,0.029580343959755034,000961
2121,2013-10-25,3.429,0.26276205697095045,3.437,3.332,0.023129633660843432,000961
2122,2013-10-28,3.293,0.250258531540848,3.293,3.157,0.04032785475821296,000961
2123,2013-10-29,3.219,0.24367772868289933,3.254,3.11,0.02842333854541046,000961
2124,2013-10-30,3.153,0.2451819121932876,3.161,3.122,0.02012595685968222,000961
2125,2013-10-31,3.176,0.2454639466014854,3.262,3.164,0.04609538090770206,000961
2126,2013-11-01,3.172,0.2465920842342766,3.184,3.118,0.04263797649307238,000961
2127,2013-11-04,3.176,0.2465920842342766,3.203,3.157,0.01556340161510437,000961
2128,2013-11-05,3.168,0.24734417598947073,3.188,3.079,0.026694636338095625,000961
2129,2013-11-06,3.176,0.23963523549873084,3.176,3.098,0.021067765748781754,000961
2130,2013-11-07,3.11,0.24001128137632793,3.129,3.09,0.010591195153794994,000961
2131,2013-11-08,3.114,0.22722572153802767,3.129,2.923,0.03318942303374416,000961
2132,2013-11-11,2.966,0.22280718247626213,2.966,2.892,0.021558439753632648,000961
2133,2013-11-12,2.946,0.2293879853342108,2.993,2.907,0.015943236445807966,000961
2134,2013-11-13,2.993,0.22026887280248192,2.993,2.88,0.03299367197764777,000961
2135,2013-11-14,2.896,0.21622637961831348,2.919,2.837,0.042239344375525095,000961
2136,2013-11-15,2.864,0.22130299896587385,2.946,2.857,0.0390282492367783,000961
2137,2013-11-18,2.911,0.22750775594622547,2.977,2.899,0.03876119812713686,000961
2138,2013-11-19,2.966,0.23305443264078218,3.036,2.958,0.040683706843633226,000961
2139,2013-11-20,3.051,0.22976403121180783,3.051,2.989,0.030248619916163583,000961
2140,2013-11-21,2.985,0.2257215380276394,2.985,2.923,0.03490710614187477,000961
2141,2013-11-22,2.973,0.21914073516969068,2.973,2.88,0.04811187605841689,000961
2142,2013-11-25,2.88,0.22055090721067971,2.931,2.849,0.029548583026812243,000961
2143,2013-11-26,2.903,0.21951678104728778,2.919,2.853,0.030270658114532053,000961
2144,2013-11-27,2.884,0.22026887280248192,2.899,2.86,0.03616522799579231,000961
2145,2013-11-28,2.919,0.22750775594622547,2.993,2.899,0.08005559641120644,000961
2146,2013-11-29,2.97,0.23051612296700197,3.016,2.954,0.04624511102014665,000961
2147,2013-12-02,2.954,0.21914073516969068,2.966,2.86,0.049262399649711915,000961
2148,2013-12-03,2.876,0.22243113659866504,2.927,2.857,0.029460430233338372,000961
2149,2013-12-04,2.915,0.23051612296700197,3.032,2.903,0.059919813107781106,000961
2150,2013-12-05,2.989,0.231926295007991,3.071,2.985,0.06128553322432117,000961
2151,2013-12-06,3.024,0.23014007708940493,3.063,2.997,0.03315895846541128,000961
2152,2013-12-09,3.005,0.2293879853342108,3.036,2.973,0.02454915290869476,000961
2153,2013-12-10,2.993,0.231926295007991,3.059,2.989,0.04042832301548098,000961
2154,2013-12-11,3.02,0.22647362978283353,3.02,2.931,0.03286273915204687,000961
2155,2013-12-12,2.958,0.2257215380276394,2.977,2.938,0.012734734036280993,000961
2156,2013-12-13,2.931,0.22534549215004235,2.97,2.927,0.015323574162271038,000961
2157,2013-12-16,2.958,0.22055090721067971,2.973,2.892,0.019529629139123674,000961
2158,2013-12-17,2.899,0.21838864341449654,2.911,2.868,0.013861274882292687,000961
2159,2013-12-18,2.872,0.2180125975368995,2.903,2.864,0.009023890340413938,000961
2160,2013-12-19,2.884,0.21509824198552224,2.896,2.841,0.01518356678440077,000961
2161,2013-12-20,2.849,0.20738930149478235,2.853,2.751,0.032899685543429306,000961
2162,2013-12-23,2.767,0.20597912945379337,2.779,2.712,0.017049035458061104,000961
2163,2013-12-24,2.747,0.20926953088276767,2.825,2.732,0.018235857258433606,000961
2164,2013-12-25,2.786,0.2085174391275736,2.79,2.728,0.016508451415728678,000961
2165,2013-12-26,2.751,0.20005640688163956,2.767,2.681,0.03240706699166355,000961
2166,2013-12-27,2.681,0.203722854188211,2.744,2.681,0.03296839286775453,000961
2167,2013-12-30,2.736,0.20259471655541977,2.74,2.701,0.014628074549054385,000961
2168,2013-12-31,2.701,0.20560308357619633,2.747,2.693,0.03585928594785358,000961
2169,2014-01-02,2.732,0.20447494594340515,2.74,2.705,0.02507353239340331,000961
2170,2014-01-03,2.716,0.20156059039202784,2.732,2.681,0.017639529537875058,000961
2171,2014-01-06,2.693,0.19018520259471658,2.693,2.572,0.02313546730158803,000961
2172,2014-01-07,2.568,0.18651875528814515,2.58,2.529,0.03231243237514012,000961
2173,2014-01-08,2.545,0.1828523079815738,2.56,2.479,0.03473857874258648,000961
2174,2014-01-09,2.49,0.1810660900629877,2.521,2.467,0.02285545254584749,000961
2175,2014-01-10,2.459,0.175895459246028,2.494,2.424,0.02114425126076644,000961
2176,2014-01-13,2.443,0.1722290119394566,2.451,2.358,0.03238697334020994,000961
2177,2014-01-14,2.381,0.17476732161323683,2.416,2.358,0.033836957156394155,000961
2178,2014-01-15,2.408,0.1700667481432735,2.412,2.323,0.043791740995892184,000961
2179,2014-01-16,2.369,0.17110087430666543,2.389,2.327,0.03399511363880316,000961
2180,2014-01-17,2.366,0.16047757826454825,2.366,2.256,0.08081526607261363,000961
2181,2014-01-20,2.256,0.15831531446836516,2.276,2.221,0.05273600862196546,000961
2182,2014-01-21,2.237,0.16273385353013067,2.284,2.233,0.04738656005917231,000961
2183,2014-01-22,2.276,0.184356491491962,2.514,2.276,0.16232678364991765,000961
2184,2014-01-23,2.568,0.2081413932499765,2.767,2.537,0.3061046379881085,000961
2185,2014-01-24,2.771,0.23418257027357336,3.044,2.747,0.19556103497187252,000961
2186,2014-01-27,3.118,0.2448058663156905,3.289,3.009,0.2951328561121362,000961
2187,2014-01-28,3.153,0.24367772868289933,3.262,3.106,0.1537824445060016,000961
2188,2014-01-29,3.106,0.24442982043809347,3.176,3.079,0.15779534115597765,000961
2189,2014-01-30,3.122,0.24367772868289933,3.172,3.059,0.10883229802198613,000961
2190,2014-02-07,3.11,0.24330168280530223,3.157,3.048,0.13138320859367358,000961
2191,2014-02-10,3.133,0.2510106232960421,3.254,3.102,0.2531812009708423,000961
2192,2014-02-11,3.2,0.25580520823540476,3.39,3.125,0.21683437822049378,000961
2193,2014-02-12,3.219,0.258719563786782,3.332,3.188,0.13382361497182896,000961
2194,2014-02-13,3.34,0.24217354517251105,3.34,3.125,0.09285914148098144,000961
2195,2014-02-14,3.102,0.2429256369277052,3.149,3.04,0.09751633134208272,000961
2196,2014-02-17,3.118,0.2392591896211338,3.137,3.075,0.09064819163878013,000961
2197,2014-02-18,3.118,0.24001128137632793,3.153,3.048,0.08723680816780226,000961
2198,2014-02-19,3.114,0.2510106232960421,3.277,3.012,0.17187126809037923,000961
2199,2014-02-20,3.274,0.23230234088558804,3.297,3.016,0.13509729320106542,000961
2200,2014-02-21,3.005,0.22647362978283353,3.005,2.903,0.091700191519722,000961
2201,2014-02-24,2.899,0.19864623484065058,2.899,2.666,0.15605367530256373,000961
2202,2014-02-25,2.642,0.19563786781987402,2.708,2.584,0.12803145789475157,000961
2203,2014-02-26,2.631,0.19902228071824762,2.67,2.592,0.07482995066865968,000961
2204,2014-02-27,2.681,0.1883989846761305,2.697,2.537,0.09300044522346163,000961
2205,2014-02-28,2.557,0.19497978753407916,2.638,2.537,0.06805255648805078,000961
2206,2014-03-03,2.603,0.1971420513302623,2.658,2.56,0.06271736793596663,000961
2207,2014-03-04,2.634,0.19676600545266523,2.677,2.595,0.0678710654426634,000961
2208,2014-03-05,2.642,0.1953558334116762,2.666,2.619,0.04355774718380345,000961
2209,2014-03-06,2.631,0.22026887280248192,2.896,2.592,0.15920513766925465,000961
2210,2014-03-07,2.962,0.21622637961831348,3.059,2.849,0.2088824777033065,000961
2211,2014-03-10,2.81,0.1934756040236909,2.81,2.568,0.11506262633721305,000961
2212,2014-03-11,2.611,0.203722854188211,2.79,2.533,0.14245286599769413,000961
2213,2014-03-12,2.65,0.20964557676036477,2.864,2.627,0.1527583164641728,000961
2214,2014-03-13,2.755,0.21143179467895085,2.833,2.74,0.09039799326906751,000961
2215,2014-03-14,2.759,0.20597912945379337,2.814,2.697,0.05663806609779422,000961
2216,2014-03-17,2.775,0.21397010435273106,2.857,2.763,0.07067769482311831,000961
2217,2014-03-18,2.814,0.2085174391275736,2.822,2.747,0.05352484648709562,000961
2218,2014-03-19,2.751,0.20156059039202784,2.751,2.634,0.05554523073164019,000961
2219,2014-03-20,2.716,0.20156059039202784,2.857,2.697,0.0988373268795809,000961
2220,2014-03-21,2.662,0.22130299896587385,2.966,2.623,0.19269088372553203,000961
2221,2014-03-24,2.899,0.2257215380276394,3.016,2.837,0.15697214962868486,000961
2222,2014-03-25,2.927,0.22055090721067971,2.977,2.876,0.08609017367033696,000961
2223,2014-03-26,2.927,0.21876468929209364,2.938,2.864,0.06095625661340406,000961
2224,2014-03-27,2.88,0.22026887280248192,2.97,2.841,0.086521214903132,000961
2225,2014-03-28,2.876,0.22976403121180783,3.153,2.829,0.19505286004478783,000961
2226,2014-03-31,3.005,0.22863589357901665,3.075,2.938,0.07800863669215873,000961
2227,2014-04-01,2.966,0.23230234088558804,3.04,2.946,0.052769714101823115,000961
2228,2014-04-02,3.028,0.23709692582495068,3.133,3.016,0.14777962817981385,000961
2229,2014-04-03,3.083,0.2242173545172511,3.098,2.923,0.09309183892846026,000961
2230,2014-04-04,2.931,0.22496944627244525,2.966,2.907,0.043979065682024164,000961
2231,2014-04-08,2.935,0.23089216884459907,3.079,2.923,0.0606204981794374,000961
2232,2014-04-09,3.009,0.2359687881921595,3.063,2.989,0.0606075345333383,000961
2233,2014-04-10,3.04,0.22825984770141955,3.051,2.946,0.08030514659861408,000961
2234,2014-04-11,2.977,0.22130299896587385,2.977,2.884,0.05252405300824519,000961
2235,2014-04-14,2.923,0.22976403121180783,3.016,2.911,0.06127321776052703,000961
2236,2014-04-15,2.985,0.22318322835385918,2.985,2.907,0.03608290884306303,000961
2237,2014-04-16,2.907,0.21876468929209364,2.946,2.822,0.06866055149009852,000961
2238,2014-04-17,2.88,0.21359405847513402,2.892,2.798,0.050409034147177206,000961
2239,2014-04-18,2.802,0.21688445990410832,2.903,2.79,0.03123450520200005,000961
2240,2014-04-21,2.829,0.2081413932499765,2.849,2.767,0.0354690802002707,000961
2241,2014-04-22,2.767,0.2106797029237567,2.802,2.689,0.028996979885295586,000961
2242,2014-04-23,2.775,0.20926953088276767,2.802,2.751,0.016173341164066973,000961
2243,2014-04-24,2.775,0.20992761116856257,2.837,2.763,0.02717364306145733,000961
2244,2014-04-25,2.806,0.2070132556171853,2.845,2.751,0.02769931891077579,000961
2245,2014-04-28,2.755,0.19234746639089972,2.763,2.564,0.052859163259906895,000961
2246,2014-04-29,2.599,0.19563786781987402,2.666,2.58,0.01768166138769713,000961
2247,2014-04-30,2.634,0.19751809720785937,2.689,2.611,0.020617927229143025,000961
2248,2014-05-05,2.634,0.19422769577888505,2.662,2.592,0.017095704584017858,000961
2249,2014-05-06,2.615,0.1960139136974711,2.646,2.615,0.01966315469394439,000961
2250,2014-05-07,2.623,0.1960139136974711,2.67,2.615,0.014763544650789969,000961
2251,2014-05-08,2.759,0.20231268214722198,2.864,2.685,0.09378409763015215,000961
2252,2014-05-09,2.681,0.19309955814609386,2.708,2.572,0.05909467703357346,000961
2253,2014-05-12,2.599,0.19638995957506816,2.65,2.564,0.04826484708238625,000961
2254,2014-05-13,2.638,0.20193663626962494,2.736,2.631,0.06379918420293644,000961
2255,2014-05-14,2.81,0.22684967566043063,2.97,2.744,0.21626332960982847,000961
2256,2014-05-15,2.927,0.2118078405565479,2.927,2.794,0.12924161425810246,000961
2257,2014-05-16,2.771,0.21030365704615966,2.872,2.759,0.06599004039368414,000961
2258,2014-05-19,2.771,0.20409890006580805,2.783,2.677,0.05171901058549115,000961
2259,2014-05-20,2.736,0.19968036100404252,2.759,2.646,0.045511368650937654,000961
2260,2014-05-21,2.681,0.20297076243301687,2.728,2.623,0.03069068024814286,000961
2261,2014-05-22,2.708,0.2008084986368337,2.786,2.673,0.039754861600632796,000961
2262,2014-05-23,2.712,0.2118078405565479,2.841,2.693,0.09802515445147235,000961
2263,2014-05-26,2.802,0.20926953088276767,2.802,2.736,0.04435825233042281,000961
2264,2014-05-27,2.779,0.20889348500517063,2.849,2.751,0.057886465217137445,000961
2265,2014-05-28,2.798,0.20992761116856257,2.798,2.74,0.052653041286931226,000961
2266,2014-05-29,2.786,0.20560308357619633,2.794,2.728,0.030031478844003676,000961
2267,2014-05-30,2.747,0.20193663626962494,2.759,2.689,0.027460139640247416,000961
2268,2014-06-03,2.689,0.2008084986368337,2.74,2.677,0.022973421725349292,000961
2269,2014-06-04,2.689,0.19422769577888505,2.693,2.592,0.04163718301422195,000961
2270,2014-06-05,2.619,0.19751809720785937,2.658,2.611,0.018673380314278194,000961
2271,2014-06-06,2.654,0.19422769577888505,2.658,2.595,0.021271294992537607,000961
2272,2014-06-09,2.623,0.19827018896305348,2.744,2.592,0.042503154573641753,000961
2273,2014-06-10,2.662,0.20193663626962494,2.708,2.658,0.030387979111728896,000961
2274,2014-06-11,2.677,0.20193663626962494,2.708,2.67,0.018154834470314237,000961
2275,2014-06-12,2.681,0.2008084986368337,2.705,2.666,0.017052276369585877,000961
2276,2014-06-13,2.689,0.2008084986368337,2.701,2.642,0.03404502367628469,000961
2277,2014-06-16,2.689,0.2008084986368337,2.693,2.666,0.019318969890013315,000961
2278,2014-06-17,2.681,0.1960139136974711,2.685,2.631,0.025367807159852856,000961
2279,2014-06-18,2.666,0.19497978753407916,2.666,2.619,0.015674240789251667,000961
2280,2014-06-19,2.627,0.1832283538591708,2.638,2.475,0.04975242547225785,000961
2281,2014-06-20,2.494,0.18398044561436494,2.518,2.482,0.016028796510062022,000961
2282,2014-06-23,2.518,0.18360439973676787,2.541,2.498,0.018266970009071442,000961
2283,2014-06-24,2.506,0.1813481244711855,2.525,2.471,0.051887537984779436,000961
2284,2014-06-25,2.482,0.17918586067500236,2.49,2.436,0.03864322894763506,000961
2285,2014-06-26,2.506,0.19056124847231365,2.615,2.506,0.08967656636365266,000961
2286,2014-06-27,2.537,0.18764689292093636,2.564,2.525,0.04589444439316602,000961
2287,2014-06-30,2.541,0.1872708470433393,2.56,2.529,0.038505814298984614,000961
2288,2014-07-01,2.537,0.1883989846761305,2.564,2.529,0.03489349431347071,000961
2289,2014-07-02,2.56,0.1898091567171195,2.58,2.553,0.027685707082371735,000961
2290,2014-07-03,2.58,0.19309955814609386,2.611,2.56,0.03460181227624099,000961
2291,2014-07-04,2.623,0.19385164990128798,2.655,2.595,0.04297114219781922,000961
2292,2014-07-07,2.627,0.19686001692206448,2.671,2.599,0.049952065622183975,000961
2293,2014-07-08,2.647,0.19949233806524397,2.698,2.619,0.060088988689374345,000961
2294,2014-07-09,2.686,0.19234746639089972,2.686,2.579,0.046247703749366466,000961
2295,2014-07-10,2.587,0.19309955814609386,2.635,2.587,0.02462887933220422,000961
2296,2014-07-11,2.603,0.19460374165648212,2.659,2.603,0.029650995830995126,000961
2297,2014-07-14,2.631,0.21923474663908998,2.885,2.627,0.13973050031688336,000961
2298,2014-07-15,2.885,0.2143461502303281,2.901,2.778,0.13208324548302494,000961
2299,2014-07-16,2.837,0.22327723982325842,2.964,2.798,0.20385712029299083,000961
2300,2014-07-17,2.897,0.22186706778226944,2.948,2.849,0.07320366126552771,000961
2301,2014-07-18,2.921,0.22929397386481154,3.024,2.873,0.15385115183032683,000961
2302,2014-07-21,2.98,0.22402933157845256,3.024,2.905,0.05375300665843977,000961
2303,2014-07-22,2.944,0.22440537745604966,2.992,2.913,0.053756895752269496,000961
2304,2014-07-23,2.932,0.22402933157845256,2.988,2.905,0.060784488302591,000961
2305,2014-07-24,2.936,0.24311365986650368,3.151,2.932,0.16071669880440959,000961
2306,2014-07-25,3.206,0.2613518849299615,3.432,3.206,0.19626042367891888,000961
2307,2014-07-28,3.317,0.2621039766851556,3.413,3.274,0.0861024891341311,000961
2308,2014-07-29,3.373,0.2677446648491116,3.421,3.29,0.10781659635012174,000961
2309,2014-07-30,3.373,0.25580520823540476,3.385,3.214,0.07762620913223531,000961
2310,2014-07-31,3.274,0.26059979317476734,3.337,3.254,0.05104814189986279,000961
2311,2014-08-01,3.298,0.25580520823540476,3.369,3.254,0.045725916993877735,000961
2312,2014-08-04,3.294,0.2624800225627527,3.345,3.226,0.06883426434782644,000961
2313,2014-08-05,3.365,0.2684967566043057,3.508,3.329,0.10659866179911139,000961
2314,2014-08-06,3.409,0.257309391745793,3.409,3.274,0.0659317039862382,000961
2315,2014-08-07,3.286,0.25317288709222524,3.313,3.242,0.043394405242954806,000961
2316,2014-08-08,3.27,0.24978847419385164,3.274,3.171,0.04727636906732997,000961
2317,2014-08-11,3.222,0.2546770706026135,3.282,3.178,0.0429283621656922,000961
2318,2014-08-12,3.254,0.2580614835009871,3.325,3.238,0.04140967102518277,000961
2319,2014-08-13,3.317,0.2561812541130018,3.317,3.202,0.04315522597242643,000961
2320,2014-08-14,3.286,0.24612202688728024,3.294,3.167,0.07122087159467054,000961
2321,2014-08-15,3.167,0.2505405659490458,3.246,3.167,0.038792310877774704,000961
2322,2014-08-18,3.198,0.2505405659490458,3.23,3.178,0.050589228827954684,000961
2323,2014-08-19,3.218,0.25909560966437906,3.309,3.186,0.07388749359725519,000961
2324,2014-08-20,3.278,0.257309391745793,3.325,3.262,0.03530768280633692,000961
2325,2014-08-21,3.294,0.2624800225627527,3.393,3.258,0.06729936864969313,000961
2326,2014-08-22,3.333,0.26436025195073803,3.436,3.325,0.052492940257607354,000961
2327,2014-08-25,3.349,0.26097583905236443,3.349,3.23,0.06593040762162829,000961
2328,2014-08-26,3.298,0.25016452007144874,3.329,3.206,0.04895127214333354,000961
2329,2014-08-27,3.214,0.2543010247250165,3.29,3.202,0.02369031135462946,000961
2330,2014-08-28,3.254,0.24311365986650368,3.258,3.119,0.046155661862062866,000961
2331,2014-08-29,3.119,0.24828429068346342,3.206,3.095,0.02509557059177178,000961
2332,2014-09-01,3.21,0.2539249788474194,3.266,3.174,0.039349747660035954,000961
2333,2014-09-02,3.254,0.2543010247250165,3.262,3.21,0.05386643856180688,000961
2334,2014-09-03,3.254,0.26059979317476734,3.377,3.242,0.08758617843017297,000961
2335,2014-09-04,3.333,0.2617279308075586,3.385,3.309,0.04426102498467956,000961
2336,2014-09-05,3.353,0.2617279308075586,3.361,3.305,0.035832710473350425,000961
2337,2014-09-09,3.337,0.2598477014195732,3.357,3.282,0.04193599505680618,000961
2338,2014-09-10,3.294,0.2550531164802106,3.305,3.23,0.06892760259973996,000961
2339,2014-09-11,3.262,0.25542916235780766,3.286,3.242,0.053971444095209584,000961
2340,2014-09-12,3.266,0.2561812541130018,3.282,3.222,0.03882601635763236,000961
2341,2014-09-15,3.282,0.25834351790918497,3.305,3.242,0.06369158594031392,000961
2342,2014-09-16,3.313,0.258719563786782,3.389,3.286,0.09244300844120037,000961
2343,2014-09-17,3.301,0.28259847701419577,3.591,3.301,0.15952922882173212,000961
2344,2014-09-18,3.532,0.2751715709316537,3.551,3.452,0.07428418116788761,000961
2345,2014-09-19,3.488,0.27667575444204195,3.551,3.436,0.0651117533704702,000961
2346,2014-09-22,3.476,0.2759236626868478,3.528,3.409,0.056266009454750084,000961
2347,2014-09-23,3.492,0.28748707342295765,3.821,3.492,0.10724749228637129,000961
2348,2014-09-24,3.591,0.28974334868854,3.651,3.555,0.0635768576723369,000961
2349,2014-09-25,3.639,0.2844787064021811,3.678,3.575,0.037056478665105363,000961
2350,2014-09-26,3.571,0.27817993795243023,3.595,3.484,0.09174556428106885,000961
2351,2014-09-29,3.532,0.2829745228917928,3.567,3.48,0.10474550858924521,000961
2352,2014-09-30,3.563,0.27629970856444486,3.571,3.492,0.08214015070394154,000961
2353,2014-10-08,3.591,0.28372661464698695,3.667,3.524,0.11528754559703241,000961
2354,2014-10-09,3.579,0.30243489705744103,3.841,3.579,0.16171878864786993,000961
2355,2014-10-10,3.762,0.315126445426342,4.008,3.714,0.12819868892942995,000961
2356,2014-10-13,3.901,0.3155024913039391,4.008,3.849,0.0856092224000604,000961
2357,2014-10-14,3.885,0.31625458305913323,3.96,3.857,0.06836238762981925,000961
2358,2014-10-15,3.909,0.31249412428316253,3.913,3.774,0.04944972433584389,000961
2359,2014-10-16,3.889,0.3028109429350381,3.889,3.734,0.055678756286460906,000961
2360,2014-10-17,3.762,0.29124753219892824,3.797,3.567,0.07247056707862368,000961
2361,2014-10-20,3.682,0.2949139795054997,3.738,3.563,0.10638605800308618,000961
2362,2014-10-21,3.686,0.30093071354705275,3.801,3.659,0.09290062514849856,000961
2363,2014-10-22,3.734,0.2863589357901664,3.762,3.571,0.08278185118584692,000961
2364,2014-10-23,3.587,0.2785559838300273,3.623,3.46,0.07296577835960925,000961
2365,2014-10-24,3.508,0.2793080755852214,3.599,3.508,0.042055908783222844,000961
2366,2014-10-27,3.524,0.2808122590956097,3.627,3.492,0.06056410631890632,000961
2367,2014-10-28,3.551,0.2960421171382909,3.714,3.551,0.0862321255951221,000961
2368,2014-10-29,3.746,0.29867443828147033,3.782,3.671,0.1039041679574137,000961
2369,2014-10-30,3.738,0.29416188775030555,3.778,3.655,0.11081832860436808,000961
2370,2014-10-31,3.71,0.30093071354705275,3.774,3.674,0.07877219544739564,000961
2371,2014-11-03,3.758,0.30610134436401243,3.889,3.754,0.09371214939430215,000961
2372,2014-11-04,3.813,0.3121180784055655,3.901,3.782,0.08660807133199597,000961
2373,2014-11-05,3.865,0.30722948199680367,3.928,3.809,0.07927194400451591,000961
2374,2014-11-06,3.809,0.3053492526088183,3.881,3.766,0.06094070023808514,000961
2375,2014-11-07,3.801,0.30431512644542635,3.873,3.738,0.09948810191375565,000961
2376,2014-11-10,3.797,0.31061389489517727,3.857,3.754,0.05629128856464333,000961
2377,2014-11-11,3.861,0.30205885117984393,3.905,3.746,0.07679588759958803,000961
2378,2014-11-12,3.766,0.29124753219892824,3.766,3.571,0.12393300118052146,000961
2379,2014-11-13,3.651,0.28410266052458405,3.663,3.551,0.09119201659263733,000961
2380,2014-11-14,3.563,0.2923756698317195,3.686,3.559,0.07081770220098857,000961
2381,2014-11-17,3.663,0.2934097959951114,3.726,3.655,0.05203986082644385,000961
2382,2014-11-18,3.682,0.28598288991256937,3.686,3.563,0.06295460265958014,000961
2383,2014-11-19,3.607,0.29011939456613706,3.643,3.583,0.04049897488672107,000961
2384,2014-11-20,3.623,0.29124753219892824,3.659,3.595,0.026968169270786612,000961
2385,2014-11-21,3.643,0.2919996239541224,3.667,3.607,0.05559254803990189,000961
2386,2014-11-24,3.889,0.3263138102848548,4.024,3.845,0.34541495023671104,000961
2387,2014-11-25,4.04,0.33374071636739683,4.159,3.956,0.20432316337025344,000961
2388,2014-11-26,4.103,0.3397574504089499,4.365,4.016,0.17378405407230124,000961
2389,2014-11-27,4.17,0.3400394848171477,4.305,4.107,0.12700408894139797,000961
2390,2014-11-28,4.174,0.36288427188116956,4.551,4.131,0.16844368006177746,000961
2391,2014-12-01,4.464,0.3665507191877409,4.663,4.373,0.14925424292358636,000961
2392,2014-12-02,4.484,0.3877973112719752,4.786,4.389,0.12595273724276107,000961
2393,2014-12-03,4.682,0.38300272633261256,4.98,4.52,0.18333955761194703,000961
2394,2014-12-04,4.682,0.38892544890476644,4.758,4.528,0.15279850376707999,000961
2395,2014-12-05,4.647,0.3718153614740999,4.706,4.436,0.15339742421685834,000961
2396,2014-12-08,4.492,0.39381404531352826,4.77,4.365,0.19662535031660852,000961
2397,2014-12-09,4.623,0.3758578546582683,5.135,4.524,0.17575452827936427,000961
2398,2014-12-10,4.643,0.3964463664567077,4.786,4.555,0.1089321180969492,000961
2399,2014-12-11,4.786,0.3997367678856821,4.992,4.694,0.18383476889293263,000961
2400,2014-12-12,4.809,0.3841308639654038,4.813,4.524,0.11836057790482381,000961
2401,2014-12-15,4.583,0.3661746733101439,4.591,4.345,0.13567936091091495,000961
2402,2014-12-16,4.46,0.3718153614740999,4.543,4.325,0.11501919812278107,000961
2403,2014-12-17,4.512,0.38450690984300084,4.682,4.472,0.1599641591483569,000961
2404,2014-12-18,4.651,0.39494218294631944,4.956,4.651,0.16235465548903072,000961
2405,2014-12-19,4.682,0.40876186894801164,4.944,4.623,0.13447244545908885,000961
2406,2014-12-22,5.016,0.3733195449844881,5.032,4.456,0.12525983035876423,000961
2407,2014-12-23,4.405,0.3691830403309204,4.663,4.329,0.07655476378214478,000961
2408,2014-12-24,4.389,0.3490645858794773,4.516,4.21,0.0866119604258257,000961
2409,2014-12-25,4.278,0.3639183980445615,4.44,4.186,0.05087896631826954,000961
2410,2014-12-26,4.44,0.3706872238413087,4.543,4.381,0.07649448282778397,000961
2411,2014-12-29,4.516,0.41280436213218014,4.944,4.504,0.31819777525165294,000961
2412,2014-12-30,4.944,0.4311365986650372,5.397,4.841,0.2601154552692503,000961
2413,2014-12-31,5.075,0.4590580050766194,5.508,4.972,0.16817922168135585,000961
2414,2015-01-05,5.436,0.49412428316254586,5.952,5.416,0.16565455160355635,000961
2415,2015-01-06,5.591,0.4442041929115352,5.71,5.23,0.18359429325779433,000961
2416,2015-01-07,5.274,0.45351132838206265,5.476,5.162,0.11676604943463464,000961
2417,2015-01-08,5.373,0.4427000094011469,5.373,5.127,0.06592068488705397,000961
2418,2015-01-09,5.23,0.43000846103224594,5.357,5.127,0.08668261229706578,000961
2419,2015-01-12,5.079,0.4068816395600264,5.087,4.766,0.09508694406311159,000961
2420,2015-01-13,4.909,0.40199304315126444,4.948,4.782,0.04235731355502689,000961
2421,2015-01-14,4.845,0.3956942747015136,4.924,4.746,0.05704966186144061,000961
2422,2015-01-15,4.801,0.41506063739776256,4.976,4.774,0.09315147170051612,000961
2423,2015-01-16,4.98,0.39757450408949896,4.996,4.635,0.17991521049487008,000961
2424,2015-01-19,4.512,0.3583717213500047,4.738,4.313,0.14023089705630856,000961
2425,2015-01-20,4.42,0.372943499106891,4.543,4.381,0.08958517265865402,000961
2426,2015-01-21,4.528,0.4008649055184733,4.869,4.492,0.15051301295980885,000961
2427,2015-01-22,4.873,0.4161887750305538,5.079,4.809,0.10505533973101366,000961
2428,2015-01-23,4.984,0.4251198646234841,5.079,4.837,0.10467485671800512,000961
2429,2015-01-26,5.043,0.4180690044185391,5.067,4.893,0.06808561378560347,000961
2430,2015-01-27,5.024,0.40161699727366745,5.024,4.73,0.11245304437746445,000961
2431,2015-01-28,4.778,0.3881733571495723,4.797,4.643,0.10180600183627454,000961
2432,2015-01-29,4.639,0.3863871392309862,4.694,4.575,0.04913665228255065,000961
2433,2015-01-30,4.682,0.39719845821190186,4.861,4.682,0.11663057933289907,000961
2434,2015-02-02,4.829,0.4076337313152205,4.96,4.682,0.10725138138020102,000961
2435,2015-02-03,4.901,0.4012409513960703,4.932,4.643,0.0756797176704556,000961
2436,2015-02-04,4.793,0.3881733571495723,4.829,4.651,0.04810150514153761,000961
2437,2015-02-05,4.853,0.39381404531352826,4.94,4.73,0.09836091288543901,000961
2438,2015-02-06,4.678,0.3893014947823635,4.801,4.631,0.03128376705717663,000961
2439,2015-02-09,4.655,0.3784901758014478,4.702,4.543,0.034142251022027933,000961
2440,2015-02-10,4.579,0.39118172417034885,4.714,4.543,0.0327156017688221,000961
2441,2015-02-11,4.655,0.39118172417034885,4.774,4.655,0.02537364080059745,000961
2442,2015-02-12,4.714,0.38450690984300084,4.734,4.607,0.03275708543633922,000961
2443,2015-02-13,4.663,0.4065055936824293,4.968,4.647,0.08380144195154106,000961
2444,2015-02-16,4.833,0.4124283162545831,4.976,4.809,0.048249290707067335,000961
2445,2015-02-17,4.94,0.43442700009401153,5.226,4.924,0.09681759081734129,000961
2446,2015-02-25,5.202,0.4199492338065244,5.222,4.992,0.0623770722258653,000961
2447,2015-02-26,5.032,0.4497508696060919,5.468,5.024,0.08510947384294013,000961
2448,2015-02-27,5.357,0.45238319074927147,5.46,5.297,0.06397354524296932,000961
2449,2015-03-02,5.405,0.4489987778508978,5.535,5.238,0.12297758046301788,000961
2450,2015-03-03,5.313,0.43038450690984303,5.313,5.091,0.10155450710195202,000961
2451,2015-03-04,5.123,0.42812823164426067,5.139,5.039,0.05774645783926718,000961
2452,2015-03-05,5.091,0.42549591050108115,5.135,5.024,0.05140917944372269,000961
2453,2015-03-06,5.059,0.4251198646234841,5.186,5.055,0.06767985166270168,000961
2454,2015-03-09,5.075,0.4400676882579675,5.278,4.984,0.09250134484864632,000961
2455,2015-03-10,5.206,0.4381874588699822,5.313,5.119,0.07771436192570917,000961
2456,2015-03-11,5.178,0.43630722948199685,5.309,5.162,0.04938814701687317,000961
2457,2015-03-12,5.143,0.4463664567077184,5.377,5.115,0.10168543992755291,000961
2458,2015-03-13,5.309,0.44749459434050953,5.369,5.274,0.06268495882071888,000961
2459,2015-03-16,5.361,0.45680172981103695,5.416,5.309,0.06520768435160353,000961
2460,2015-03-17,5.412,0.4665789226285607,5.583,5.412,0.11573868048128105,000961
2461,2015-03-18,5.512,0.487449468835198,5.825,5.468,0.10780881816246227,000961
2462,2015-03-19,5.738,0.4825608724264361,5.785,5.619,0.08305927321236764,000961
2463,2015-03-20,5.639,0.4926200996521576,5.912,5.639,0.10363063502472271,000961
2464,2015-03-23,5.901,0.5299426530036665,6.345,5.849,0.14952194221553275,000961
2465,2015-03-24,6.222,0.5441383848829557,6.432,6.071,0.15124092168827324,000961
2466,2015-03-25,6.309,0.5288145153708753,6.345,6.079,0.11912219211314587,000961
2467,2015-03-26,6.095,0.5090721067970293,6.162,5.845,0.10452188569403575,000961
2468,2015-03-27,6.032,0.5352072952900254,6.266,6.016,0.11516392426783141,000961
2469,2015-03-30,6.329,0.577700479458494,6.746,6.194,0.16563445795210274,000961
2470,2015-03-31,6.754,0.5784525712136881,7.341,6.567,0.25034929248049415,000961
2471,2015-04-01,6.702,0.5934003948481715,6.94,6.528,0.13802578085485184,000961
2472,2015-04-02,6.865,0.5877597066842155,6.936,6.718,0.10473254494314611,000961
2473,2015-04-03,6.801,0.5970668421547429,6.924,6.75,0.10426196458974882,000961
2474,2015-04-07,7.182,0.6146469869324058,7.381,7.024,0.1155539485243689,000961
2475,2015-04-08,7.162,0.6199116292187647,7.285,6.976,0.12021826839082468,000961
2476,2015-04-09,7.162,0.6791388549403028,7.857,7.15,0.219808886817932,000961
2477,2015-04-10,7.353,0.6563880793456802,7.666,7.174,0.20045416319197737,000961
2478,2015-04-24,8.289,0.7272727272727273,8.289,7.893,0.21166706888539297,000961
2479,2015-04-27,8.373,0.6910783115540097,8.373,7.789,0.2644796667285119,000961
2480,2015-04-28,7.69,0.6209457553821567,7.698,7.115,0.1982328424328968,000961
2481,2015-04-29,7.079,0.6347654413838488,7.377,6.889,0.11670641666257879,000961
2482,2015-04-30,7.27,0.6609006298768451,7.797,7.202,0.1769400537151269,000961
2483,2015-05-04,7.658,0.6720879947353577,7.881,7.504,0.09968968661059664,000961
2484,2015-05-05,7.718,0.6220738930149479,7.896,7.103,0.08110824447445326,000961
2485,2015-05-06,7.321,0.5934003948481715,7.353,6.777,0.07969131795582175,000961
2486,2015-05-07,6.785,0.6045877597066842,7.115,6.178,0.06402928892119544,000961
2487,2015-05-08,7.135,0.6262103976685156,7.416,7.063,0.06846350406939221,000961
2488,2015-05-11,7.42,0.6582683087336655,7.714,7.182,0.12265802658667509,000961
2489,2015-05-12,7.46,0.6907022656764126,8.071,7.46,0.13177665525278123,000961
2490,2015-05-13,7.956,0.6922064491868009,8.333,7.9,0.11880912005985263,000961
2491,2015-05-14,8.075,0.7668515558898187,8.71,8.055,0.19277385106056624,000961
2492,2015-05-15,8.809,0.806806430384507,9.519,8.404,0.16096560080951228,000961
2493,2015-05-18,9.019,0.7884741938516499,9.472,8.738,0.10830856671958254,000961
2494,2015-05-19,8.734,0.8205321049168,9.523,8.73,0.09426764162964854,000961
2495,2015-05-20,9.297,0.8686659772492243,10.21,9.297,0.13847950846832033,000961
2496,2015-05-21,9.797,0.916799849581649,10.357,9.797,0.09641636597057418,000961
2497,2015-05-22,10.313,0.8806054338629313,10.396,9.849,0.11407738923368153,000961
2498,2015-05-25,9.853,0.9272351226849677,10.634,9.408,0.10818087480550641,000961
2499,2015-05-26,10.416,0.9369183040330921,10.833,10.039,0.0972590029670156,000961
2500,2015-05-27,10.436,0.9086208517439128,10.515,10.071,0.04936805336541957,000961
2501,2015-05-28,10.127,0.8131051988342578,10.488,9.198,0.08688873427004146,000961
2502,2015-05-29,9.198,0.8104728776910783,9.555,8.726,0.07800928487446368,000961
2503,2015-06-01,9.214,0.8548462912475323,9.706,9.127,0.1119675558310532,000961
2504,2015-06-02,9.67,0.8709222525148069,9.861,9.246,0.12467452173738991,000961
2505,2015-06-03,9.92,0.8802293879853343,10.23,9.504,0.09954579013889664,000961
2506,2015-06-04,9.916,0.80643038450691,10.019,8.924,0.11003662074459242,000961
2507,2015-06-05,9.424,0.8701701607596126,10.043,9.396,0.15067570671835254,000961
2508,2015-06-08,10.035,0.9623014007708941,10.789,10.031,0.1881581448669821,000961
2509,2015-06-09,10.873,0.992573093917458,11.555,10.793,0.2651939636285723,000961
2510,2015-06-10,11.126,0.9821378208141394,11.333,10.714,0.16039584856345687,000961
2511,2015-06-11,11.015,1.0,11.238,10.714,0.1440324862748693,000961
2512,2015-06-12,11.333,0.992197048039861,11.349,11.031,0.12902901046207724,000961
2513,2015-06-15,11.146,0.9213124001128138,11.154,10.277,0.13380222495576544,000961
2514,2015-06-16,10.198,0.8451631098994077,10.198,9.476,0.10009868964502322,000961
2515,2015-06-17,9.674,0.8470433392873932,9.702,8.738,0.10908897821474829,000961
2516,2015-06-18,9.448,0.8309673780201184,9.702,9.131,0.10842264680525461,000961
2517,2015-06-19,9.317,0.7425965967848078,9.317,8.452,0.09592374741880842,000961
2518,2015-06-23,8.285,0.7534079157657235,8.611,7.666,0.10393528070805153,000961
2519,2015-06-24,8.654,0.7492714111121557,8.833,8.174,0.09783458885381559,000961
2520,2015-06-25,8.523,0.7008555043715333,8.686,7.936,0.094289679828017,000961
2521,2015-06-26,7.658,0.6254583059133215,7.738,7.206,0.09304257707328369,000961
2522,2015-06-29,7.527,0.6250822600357244,7.71,6.484,0.23620595458637722,000961
2523,2015-06-30,7.143,0.692958540941995,7.924,6.508,0.16787911327416172,000961
2524,2015-07-01,7.936,0.6865657610228448,8.526,7.685,0.1737114576541463,000961
2525,2015-07-02,8.116,0.6659772492244054,8.116,7.071,0.17868496048006557,000961
2526,2015-07-03,7.25,0.6303469023220833,7.777,6.875,0.1334418355942105,000961
2527,2015-07-06,7.98,0.6472689668139513,7.984,6.532,0.16902769231854187,000961
2528,2015-07-15,8.183,0.5775124565196954,8.183,6.696,0.21461305746141318,000961
2529,2015-07-16,6.026,0.5403779261069851,6.824,6.026,0.33932851839318406,000961
2530,2015-07-17,6.441,0.5872896493372192,6.931,6.365,0.2054445187578255,000961
2531,2015-07-20,6.899,0.6314750399548745,7.37,6.859,0.18606646056889248,000961
2532,2015-07-21,7.099,0.6584563316724641,7.617,6.979,0.1487875516640188,000961
2533,2015-07-22,7.529,0.6393720033844129,7.617,7.067,0.11868985451574092,000961
2534,2015-07-23,7.537,0.6517815173451161,7.537,7.234,0.11765535555703283,000961
2535,2015-07-24,7.581,0.6558240105292846,7.805,7.382,0.16139923477152715,000961
2536,2015-07-27,7.338,0.5850333740716368,7.733,6.776,0.14304206371289815,000961
2537,2015-07-28,6.64,0.599229105950926,7.051,6.142,0.13291162246875735,000961
2538,2015-07-29,7.059,0.6235780765253361,7.242,6.664,0.07768843463351098,000961
2539,2015-07-30,7.119,0.5884177869700105,7.226,6.732,0.06513962520958326,000961
2540,2015-07-31,6.672,0.5895459246028015,6.891,6.672,0.05750403765721403,000961
2541,2015-08-03,6.8,0.5973488765629407,6.927,6.54,0.09379382036472647,000961
2542,2015-08-04,6.907,0.6235780765253361,7.198,6.875,0.05847631111464644,000961
2543,2015-08-05,7.079,0.5928363260317759,7.242,6.784,0.05582330094046586,000961
2544,2015-08-06,6.584,0.5666071260693805,6.772,6.536,0.04547766317107999,000961
2545,2015-08-07,6.7,0.580520823540472,6.82,6.62,0.04455270702190929,000961
2546,2015-08-10,6.704,0.6213218012597537,7.202,6.704,0.07847143885789655,000961
2547,2015-08-11,7.214,0.6216978471373509,7.298,7.035,0.09076356808906211,000961
2548,2015-08-12,7.043,0.5981009683181349,7.218,6.899,0.07363016522218807,000961
2549,2015-08-13,6.951,0.5984770141957318,6.987,6.608,0.08228210262872666,000961
2550,2015-08-14,7.015,0.6067500235028673,7.091,6.828,0.10264410155658128,000961
2551,2015-08-17,7.035,0.6303469023220833,7.282,6.987,0.14936508209773364,000961
2552,2015-08-18,7.258,0.5620945755382157,7.414,6.532,0.15909559485971728,000961
2553,2015-08-19,6.301,0.5620945755382157,6.608,6.046,0.08096758891427804,000961
2554,2015-08-20,6.389,0.5448904766381499,6.421,6.154,0.09486008025637735,000961
2555,2015-08-21,6.181,0.49431230610134436,6.253,5.731,0.07408843011179121,000961
2556,2015-08-24,5.539,0.4395036194415719,5.539,5.228,0.043764517339084076,000961
2557,2015-08-25,4.706,0.3904296324151547,4.849,4.706,0.08805286968974053,000961
2558,2015-08-26,4.586,0.3487825514712795,4.834,4.263,0.08195477056472442,000961
2559,2015-08-27,4.467,0.3529190561248473,4.558,3.988,0.11569330771993422,000961
2560,2015-08-28,4.467,0.3934379994359313,4.738,4.395,0.12519501212826875,000961
2561,2015-08-31,4.73,0.39268590768073713,4.929,4.666,0.10809920383508209,000961
2562,2015-09-01,4.722,0.3506627808592649,4.722,4.267,0.09158287052252516,000961
2563,2015-09-02,4.088,0.37096925824950644,4.499,4.032,0.09821960914295882,000961
2564,2015-09-07,4.427,0.36570461596314746,4.686,4.427,0.055568565294618566,000961
2565,2015-09-08,4.423,0.38441289837360165,4.694,4.347,0.04541673403441423,000961
2566,2015-09-09,4.666,0.39419009119112536,4.865,4.634,0.08646158213107615,000961
2567,2015-09-10,4.706,0.3829087148632134,4.865,4.606,0.08220561711674199,000961
2568,2015-09-11,4.638,0.38478894425119864,4.698,4.578,0.036491911877489604,000961
2569,2015-09-14,4.686,0.34126163391933817,4.706,4.183,0.05900717242240454,000961
2570,2015-09-15,4.048,0.3027169314656388,4.128,3.765,0.06396771160222472,000961
2571,2015-09-16,3.821,0.33646704897997554,4.152,3.781,0.07938991318401771,000961
2572,2015-09-17,4.068,0.3289461314280342,4.283,4.036,0.05780868334054285,000961
2573,2015-09-18,4.084,0.33684309485757263,4.179,4.06,0.027305872251668136,000961
2574,2015-09-21,4.084,0.35254301024725015,4.355,4.04,0.04830373802068355,000961
2575,2015-09-22,4.343,0.3547992855128326,4.415,4.235,0.06770642713720484,000961
2576,2015-09-23,4.207,0.34615023032810005,4.323,4.195,0.03946447592801298,000961
2577,2015-09-24,4.243,0.3529190561248473,4.343,4.148,0.08773850127183738,000961
2578,2015-09-25,4.267,0.3274419479176459,4.295,3.972,0.0550746503782429,000961
2579,2015-09-28,4.028,0.33082636081601957,4.1,3.896,0.04571684244160837,000961
2580,2015-09-29,3.956,0.31992103036570463,4.012,3.936,0.02577356928275465,000961
2581,2015-09-30,3.996,0.32518567265206355,4.028,3.936,0.04930129058800921,000961
2582,2015-10-08,4.207,0.34615023032810005,4.279,4.16,0.06898204991335617,000961
2583,2015-10-09,4.239,0.3615681113095798,4.427,4.227,0.06575215748776568,000961
2584,2015-10-12,4.451,0.39118172417034885,4.794,4.367,0.09522889598789672,000961
2585,2015-10-13,4.69,0.39080567829275176,4.762,4.586,0.05745607216664736,000961
2586,2015-10-14,4.746,0.39230986180314,4.973,4.71,0.10268493704179343,000961
2587,2015-10-15,4.786,0.410642098335997,4.925,4.718,0.10008961509275384,000961
2588,2015-10-16,4.985,0.4211713829087149,5.165,4.853,0.13497802765695371,000961
2589,2015-10-19,5.073,0.4462724452383191,5.344,5.073,0.20079316253746882,000961
2590,2015-10-20,5.256,0.45078499576948394,5.388,5.125,0.20650688955564664,000961
2591,2015-10-21,5.384,0.40058287111027546,5.384,4.814,0.2350625610004367,000961
2592,2015-10-22,4.786,0.41665883237755014,5.021,4.786,0.15101470606384398,000961
2593,2015-10-23,5.025,0.43875152768637776,5.292,4.993,0.13937075913763336,000961
2594,2015-10-26,5.304,0.433204850991821,5.38,5.089,0.2040891695581647,000961
2595,2015-10-27,5.212,0.4709974616903262,5.619,5.184,0.3146749044242228,000961
2596,2015-10-28,5.424,0.4451443076055279,5.488,5.224,0.19489470356237884,000961
2597,2015-10-29,5.332,0.43912757356397486,5.392,5.145,0.12540631955968404,000961
2598,2015-10-30,5.252,0.4443922158503338,5.364,5.145,0.1085665432769546,000961
2599,2015-11-02,5.117,0.41665883237755014,5.24,4.937,0.10572620841664204,000961
2600,2015-11-03,4.993,0.4072576854376234,5.065,4.845,0.07312458302432322,000961
2601,2015-11-04,4.925,0.43536711478800416,5.192,4.925,0.15014030813445975,000961
2602,2015-11-05,5.328,0.4440161699727367,5.448,5.228,0.23496663001930337,000961
2603,2015-11-06,5.264,0.4601861427094106,5.535,5.264,0.15819138054430512,000961
2604,2015-11-09,5.392,0.49985898279590113,5.994,5.392,0.3072298824695103,000961
2605,2015-11-10,5.838,0.5186612766757545,6.213,5.783,0.22222660681541395,000961
2606,2015-11-11,6.026,0.5373695590862085,6.373,6.022,0.1811662023434331,000961
2607,2015-11-12,6.221,0.5197894143085456,6.297,5.99,0.14330392936409997,000961
2608,2015-11-13,5.982,0.5100122214910219,6.162,5.834,0.13842052387856943,000961
2609,2015-11-16,5.862,0.5494030271693147,6.421,5.783,0.16960392638764682,000961
2610,2015-11-17,6.381,0.5362414214534174,6.524,6.233,0.1511767516400827,000961
2611,2015-11-18,6.261,0.5741280436213219,6.883,6.257,0.2581598892552012,000961
2612,2015-11-19,6.568,0.5790166400300837,6.712,6.532,0.09089126000313823,000961
2613,2015-11-20,6.76,0.6037416564820908,7.007,6.636,0.18677038655207356,000961
2614,2015-11-23,7.011,0.5666071260693805,7.011,6.389,0.16115162913103434,000961
2615,2015-11-24,6.656,0.5584281282316443,6.656,6.333,0.12980164376958353,000961
2616,2015-11-25,6.508,0.5647268966813951,6.616,6.381,0.08242146182429198,000961
2617,2015-11-26,6.544,0.5569239447212561,6.6,6.381,0.10715998767520238,000961
2618,2015-11-27,6.405,0.5212935978189339,6.552,5.974,0.11947674783395622,000961
2619,2015-11-30,6.102,0.5309767791670584,6.333,5.886,0.12345658718637957,000961
2620,2015-12-01,6.253,0.5745040894989188,6.824,6.181,0.2664164354557173,000961
2621,2015-12-02,6.532,0.5778885023972925,6.851,6.333,0.25154713338005086,000961
2622,2015-12-03,6.62,0.6022374729717026,6.979,6.584,0.2070079344773768,000961
2623,2015-12-04,6.839,0.5891698787252045,7.039,6.744,0.11732218985228599,000961
2624,2015-12-07,6.839,0.6063739776252703,7.031,6.62,0.12984053470788082,000961
2625,2015-12-08,7.007,0.604117702359688,7.174,6.828,0.1388379532829604,000961
2626,2015-12-09,6.899,0.5984770141957318,7.055,6.831,0.10547536186462447,000961
2627,2015-12-10,6.927,0.6018614270941055,7.127,6.784,0.10553305008976546,000961
2628,2015-12-11,7.079,0.5441383848829557,7.083,6.301,0.20289132865860798,000961
2629,2015-12-14,6.181,0.5275923662686848,6.249,5.95,0.16462329355637303,000961
2630,2015-12-15,6.261,0.5463946601485382,6.461,6.213,0.13860590401778652,000961
2631,2015-12-16,6.433,0.5362414214534174,6.433,6.158,0.11975805895430666,000961
2632,2015-12-17,6.273,0.5557958070884648,6.56,6.273,0.14278927261396573,000961
2633,2015-12-18,6.5,0.5463946601485382,6.576,6.349,0.09430458802103096,000961
2634,2015-12-21,6.341,0.5441383848829557,6.409,6.261,0.09060605978895805,000961
2635,2015-12-22,6.377,0.5486509354141206,6.405,6.281,0.0855560714510541,000961
2636,2015-12-23,6.441,0.5733759518661277,6.716,6.421,0.16083337161930147,000961
2637,2015-12-24,6.644,0.5524113941900912,6.644,6.253,0.11907357844027425,000961
2638,2015-12-25,6.433,0.5452665225157469,6.457,6.265,0.07637910637750199,000961
2639,2015-12-28,6.369,0.5309767791670584,6.381,6.181,0.08243377728808612,000961
2640,2015-12-29,6.181,0.5369935132086114,6.281,6.13,0.07691061586756505,000961
2641,2015-12-30,6.273,0.5437623390053586,6.341,6.213,0.048382816261888055,000961
2642,2015-12-31,6.333,0.5275923662686848,6.333,6.158,0.043588211752136334,000961
2643,2016-01-04,6.201,0.4773902416094764,6.221,5.583,0.04991252650158172,000961
2644,2016-01-05,5.188,0.44965685813669276,5.619,5.184,0.07503736900624526,000961
2645,2016-01-06,5.396,0.4788944251198647,5.691,5.388,0.060832453793157666,000961
2646,2016-01-07,5.496,0.4279402087054621,5.535,5.085,0.008102175102768007,000961
2647,2016-01-08,5.288,0.43536711478800416,5.404,4.945,0.06304469999996888,000961
2648,2016-01-11,5.184,0.3904296324151547,5.248,4.666,0.08399395209611267,000961
2649,2016-01-12,4.706,0.3968224123343048,4.857,4.586,0.07825300142112673,000961
2650,2016-01-13,4.786,0.37538779731127203,4.865,4.53,0.04507060468356829,000961
2651,2016-01-14,4.347,0.38065243959763095,4.606,4.199,0.11574386593972069,000961
2652,2016-01-15,4.522,0.34765441383848833,4.558,4.207,0.08319150240257846,000961
2653,2016-01-18,4.124,0.3529190561248473,4.403,4.072,0.07083649948783226,000961
2654,2016-01-19,4.283,0.3829087148632134,4.706,4.283,0.11428156665974235,000961
2655,2016-01-20,4.614,0.4121462818463853,4.973,4.578,0.15438849496113446,000961
2656,2016-01-21,4.818,0.4117702359687882,5.228,4.794,0.14272445438347026,000961
2657,2016-01-22,5.037,0.4211713829087149,5.101,4.698,0.08478732723737753,000961
2658,2016-01-25,5.029,0.43094857572623857,5.232,5.025,0.07841245426814565,000961
2659,2016-01-26,5.065,0.39531822882391654,5.204,4.71,0.09645784963809129,000961
2660,2016-01-27,4.826,0.41289837360157944,4.969,4.491,0.08744163377616802,000961
2661,2016-01-28,4.865,0.4256839334398797,5.097,4.826,0.0822211734920609,000961
2662,2016-01-29,4.933,0.4702453699351321,5.583,4.933,0.11384858088003244,000961
2663,2016-02-01,5.703,0.4837830215286265,5.842,5.543,0.1514619518542629,000961
2664,2016-02-02,5.707,0.4913039390805678,5.846,5.583,0.06592003670474901,000961
2665,2016-02-03,5.739,0.49722666165272167,5.902,5.591,0.06951161485650435,000961
2666,2016-02-04,5.815,0.5054996709598572,6.002,5.747,0.08978610917319005,000961
2667,2016-02-05,5.926,0.5058757168374542,5.982,5.823,0.055407167900684784,000961
2668,2016-02-15,5.723,0.46281846385259007,5.727,5.364,0.08383838834292348,000961
2669,2016-02-16,5.464,0.4834069756510295,5.727,5.408,0.1351277577693983,000961
2670,2016-02-17,5.635,0.4717495534455204,5.695,5.488,0.08909255410688827,000961
2671,2016-02-18,5.571,0.5006110745510953,5.898,5.515,0.13564046997261767,000961
2672,2016-02-19,5.827,0.49619253548932973,5.87,5.727,0.08368671368356403,000961
2673,2016-02-22,5.906,0.5054996709598572,6.006,5.783,0.0873398691542901,000961
2674,2016-02-23,5.938,0.492056030835762,5.938,5.719,0.054316925263750565,000961
2675,2016-02-24,5.799,0.4964745698975275,5.842,5.607,0.07644198006108262,000961
2676,2016-02-25,5.827,0.47250164520071447,5.894,5.388,0.09922040262180927,000961
2677,2016-02-26,5.599,0.47475792046629695,5.603,5.388,0.05399801956971274,000961
2678,2016-02-29,5.663,0.4601861427094106,5.667,5.336,0.04965519812651461,000961
2679,2016-03-01,5.448,0.4609382344646048,5.503,5.224,0.05735690027398926,000961
2680,2016-03-02,5.456,0.48754348030459715,5.767,5.352,0.09949847283063494,000961
2681,2016-03-03,5.735,0.48754348030459715,5.902,5.647,0.10018878698541195,000961
2682,2016-03-04,5.707,0.4860392967942089,5.723,5.272,0.09773541696115749,000961
2683,2016-03-07,5.739,0.4841590674062236,5.771,5.635,0.05248127297611817,000961
2684,2016-03-08,5.703,0.47475792046629695,5.703,5.416,0.04301781132377598,000961
2685,2016-03-09,5.527,0.45604963805584287,5.527,5.404,0.030225285353185204,000961
2686,2016-03-10,5.404,0.4545454545454546,5.515,5.288,0.04013340006672648,000961
2687,2016-03-11,5.428,0.48115070038544705,5.691,5.372,0.09373289122806071,000961
2688,2016-03-14,5.799,0.49948293691830403,5.918,5.683,0.1163738991401369,000961
2689,2016-03-15,5.862,0.5096361756134249,6.002,5.807,0.10458800028914116,000961
2690,2016-03-16,6.022,0.49393626022374737,6.038,5.807,0.05892226054045544,000961
2691,2016-03-17,5.846,0.5194133684309487,6.082,5.807,0.10015184059402951,000961
2692,2016-03-18,6.082,0.5265582401052928,6.209,6.03,0.10090891752621689,000961
2693,2016-03-21,6.181,0.5347372379430291,6.369,6.158,0.10506635883019791,000961
2694,2016-03-22,6.205,0.5362414214534174,6.261,6.098,0.07317190033258493,000961
2695,2016-03-23,6.241,0.5490269812917176,6.417,6.197,0.10583251031465465,000961
2696,2016-03-24,6.349,0.5369935132086114,6.349,6.229,0.0524592347777497,000961
2697,2016-03-25,6.265,0.5298486415342673,6.369,6.181,0.048810616583158314,000961
2698,2016-03-28,6.209,0.5186612766757545,6.209,6.042,0.07223916599575476,000961
2699,2016-03-29,6.078,0.49722666165272167,6.09,5.815,0.055594492586816764,000961
2700,2016-03-30,5.938,0.521669643696531,6.118,5.902,0.06035215070518605,000961
2701,2016-03-31,6.122,0.534361192065432,6.285,6.118,0.10346470035465424,000961
2702,2016-04-01,6.229,0.539625834351791,6.397,6.169,0.08026690384262175,000961
2703,2016-04-05,6.325,0.5497790730469118,6.425,6.313,0.07849412523856997,000961
2704,2016-04-06,6.393,0.5433862931277617,6.405,6.293,0.04497467370243496,000961
2705,2016-04-07,6.361,0.5546676694556737,6.473,6.305,0.09750271951367866,000961
2706,2016-04-08,6.453,0.5505311648021058,6.453,6.333,0.05023661765405919,000961
2707,2016-04-11,6.449,0.5445144307605528,6.489,6.341,0.055849228232664055,000961
2708,2016-04-12,6.313,0.545642568393344,6.401,6.261,0.0464356766178034,000961
2709,2016-04-13,6.397,0.5482748895365235,6.413,6.345,0.05507529856054785,000961
2710,2016-04-14,6.401,0.5486509354141206,6.421,6.325,0.043469594390329575,000961
2711,2016-04-15,6.393,0.5467707060261352,6.405,6.309,0.031415348065082484,000961
2712,2016-04-18,6.341,0.5351132838206262,6.341,6.245,0.031759532869013556,000961
2713,2016-04-19,6.361,0.5347372379430291,6.401,6.225,0.035953920564377004,000961
2714,2016-04-20,6.241,0.5358653755758203,6.289,5.894,0.0851587356981167,000961
2715,2016-04-21,6.197,0.5467707060261352,6.381,6.181,0.052078751764741145,000961
2716,2016-04-22,6.369,0.5505311648021058,6.433,6.325,0.06370454958641301,000961
2717,2016-04-25,6.409,0.563598759048604,6.584,6.309,0.0742686247925687,000961
2718,2016-04-26,6.524,0.5666071260693805,6.696,6.52,0.08603507817441579,000961
2719,2016-04-27,6.532,0.5808968694180691,6.732,6.461,0.09574225637342103,000961
2720,2016-04-28,6.776,0.575256181254113,6.776,6.66,0.06724556951838187,000961
2721,2016-04-29,6.7,0.59358841778697,6.927,6.632,0.07093761592740523,000961
2722,2016-05-03,7.035,0.6003572435837172,7.059,6.883,0.1193762795766882,000961
2723,2016-05-04,6.903,0.6033656106044938,7.003,6.812,0.07006451436263092,000961
2724,2016-05-05,6.971,0.6033656106044938,7.059,6.943,0.06522712982075218,000961
2725,2016-05-06,7.043,0.5891698787252045,7.043,6.76,0.08338984618789466,000961
2726,2016-05-09,6.744,0.5729999059885306,6.744,6.461,0.06777967173766475,000961
2727,2016-05-10,6.62,0.5647268966813951,6.656,6.485,0.02521483613588349,000961
2728,2016-05-11,6.6,0.5797687317852778,6.736,6.477,0.0653405617241193,000961
2729,2016-05-12,6.716,0.5786405941524867,6.736,6.58,0.04228147622534716,000961
2730,2016-05-13,6.668,0.5658550343141864,6.72,6.56,0.02995953060815368,000961
2731,2016-05-16,6.572,0.5681113095797687,6.64,6.524,0.0282386065884983,000961
2732,2016-05-17,6.62,0.5895459246028015,7.023,6.62,0.0669532392988472,000961
2733,2016-05-18,6.816,0.569615493090157,6.82,6.54,0.04069731867203728,000961
2734,2016-05-19,6.612,0.5609664379054244,6.664,6.52,0.045535999578525936,000961
2735,2016-05-20,6.497,0.5613424837830215,6.608,6.381,0.045373954002287206,000961
2736,2016-05-23,6.532,0.5632227131710068,6.608,6.477,0.0395461468984373,000961
2737,2016-05-24,6.52,0.5651029425589922,6.564,6.425,0.038373585108773804,000961
2738,2016-05-25,6.572,0.5609664379054244,6.612,6.477,0.034361336641102705,000961
2739,2016-05-26,6.532,0.5576760364764501,6.532,6.409,0.03816033313044363,000961
2740,2016-05-27,6.473,0.5602143461502304,6.524,6.413,0.033162199376936055,000961
2741,2016-05-30,6.536,0.5782645482748896,6.772,6.512,0.06490109412135985,000961
2742,2016-05-31,6.736,0.6029895647268967,6.971,6.7,0.07619437442058984,000961
2743,2016-06-01,6.943,0.593212371909373,6.943,6.851,0.06831118122772781,000961
2744,2016-06-02,6.859,0.5895459246028015,6.875,6.772,0.04219073070265347,000961
2745,2016-06-03,6.78,0.586161511704428,6.824,6.724,0.036099761582991864,000961
2746,2016-06-06,6.871,0.599229105950926,6.943,6.824,0.05641573956719467,000961
2747,2016-06-07,6.919,0.5827770988060543,6.935,6.744,0.050974897299402876,000961
2748,2016-06-08,6.788,0.5816489611732631,6.851,6.684,0.028519917708848746,000961
2749,2016-06-13,6.74,0.5688634013349629,6.744,6.52,0.06174314993161936,000961
2750,2016-06-14,6.656,0.5628466672934098,6.656,6.508,0.027696077999251015,000961
2751,2016-06-15,6.64,0.5929303375011752,6.96,6.56,0.35660257682023333,000961
2752,2016-06-16,6.88,0.5572059791294539,6.91,6.32,0.33236379952644324,000961
2753,2016-06-17,6.36,0.5102002444298205,6.58,5.83,0.569450737574423,000961
2754,2016-06-20,6.02,0.49233806524395984,6.05,5.45,0.45719463690849604,000961
2755,2016-06-21,5.67,0.45661370687223846,5.78,5.4,0.4599273735061861,000961
2756,2016-06-22,5.47,0.47165554197612114,5.62,5.16,0.5625009269006961,000961
2757,2016-06-23,5.46,0.4660148538121651,5.58,5.41,0.2655984293868642,000961
2758,2016-06-24,5.52,0.4537933627902604,5.52,5.17,0.21977064406193966,000961
2759,2016-06-27,5.32,0.47165554197612114,5.67,5.32,0.263443223222889,000961
2760,2016-06-28,5.51,0.47729623014007716,5.75,5.43,0.34207810773080294,000961
2761,2016-06-29,5.61,0.47071542728212845,5.64,5.53,0.1993159550644765,000961
2762,2016-06-30,5.58,0.4754160007520918,5.63,5.48,0.16023056207569336,000961
2763,2016-07-01,5.56,0.47165554197612114,5.6,5.54,0.09852684755550747,000961
2764,2016-07-04,5.52,0.47165554197612114,5.59,5.5,0.12542770957574756,000961
2765,2016-07-05,5.59,0.47165554197612114,5.59,5.55,0.11311289396390858,000961
2766,2016-07-06,5.59,0.47071542728212845,5.61,5.55,0.12792710054365383,000961
2767,2016-07-07,5.57,0.4829369183040332,5.69,5.48,0.28631303948861425,000961
2768,2016-07-08,5.75,0.5120804738178057,6.06,5.7,0.3850765772945991,000961
2769,2016-07-11,5.96,0.4960985240199305,6.1,5.8,0.4700895756832697,000961
2770,2016-07-12,5.82,0.5007990974898938,5.9,5.63,0.5387534717940617,000961
2771,2016-07-13,5.86,0.5092601297358278,6.08,5.81,0.43257537660169737,000961
2772,2016-07-14,5.94,0.5205415060637398,6.09,5.92,0.25407698891629005,000961
2773,2016-07-15,6.09,0.5487449468835198,6.45,6.09,0.42082707232438904,000961
2774,2016-07-18,6.4,0.5327629970856445,6.59,6.15,0.4460692358262494,000961
2775,2016-07-19,6.2,0.5402839146375858,6.36,6.11,0.19650608477249681,000961
2776,2016-07-20,6.34,0.5694274701513585,6.64,6.28,0.4073377503759717,000961
2777,2016-07-21,6.61,0.5703675848453512,6.72,6.58,0.20900563234124797,000961
2778,2016-07-22,6.6,0.5741280436213219,6.77,6.55,0.20947102723620561,000961
2779,2016-07-25,6.69,0.6070320579110652,7.06,6.69,0.37438221744514744,000961
2780,2016-07-26,7.03,0.6690796277145812,7.7,6.9,0.4481155473629922,000961
2781,2016-07-27,7.6,0.6540377926106985,7.75,7.22,0.49889285276855255,000961
2782,2016-07-28,7.55,0.7226661652721633,8.24,7.45,0.4295503097844727,000961
2783,2016-07-29,8.08,0.6907022656764126,8.16,7.81,0.4403276369689585,000961
2784,2016-08-01,7.9,0.7010435273103319,8.35,7.89,0.4250499800411705,000961
2785,2016-08-02,8.12,0.6615587101626399,8.16,7.29,0.34993731817838164,000961
2786,2016-08-03,7.58,0.6455767603647645,7.58,7.35,0.3223655874725132,000961
2787,2016-08-04,7.5,0.698223183228354,8.03,7.36,0.4585823952234046,000961
2788,2016-08-05,7.95,0.7292469681301119,8.45,7.83,0.6477894027689726,000961
2789,2016-08-08,8.2,0.7283068534361193,8.45,8.11,0.25458840475489947,000961
2790,2016-08-09,8.27,0.7424085738460092,8.69,8.22,0.30373034620505857,000961
2791,2016-08-10,8.41,0.7245463946601486,8.57,8.15,0.1925716181814203,000961
2792,2016-08-11,8.27,0.7076243301682806,8.35,8.04,0.18436498201838575,000961
2793,2016-08-12,8.06,0.7132650183322367,8.3,8.05,0.1999544146348571,000961
2794,2016-08-15,8.16,0.7217260505781706,8.42,8.14,0.27910590043982025,000961
2795,2016-08-16,8.23,0.7160853624142146,8.27,8.13,0.16682322429939012,000961
2796,2016-08-17,8.17,0.7170254771082072,8.29,8.11,0.17092816283666978,000961
2797,2016-08-18,8.19,0.7283068534361193,8.42,8.14,0.2774160891708027,000961
2798,2016-08-19,8.44,0.7301870828241046,8.48,8.2,0.21552958724061946,000961
2799,2016-08-22,8.32,0.6907022656764126,8.32,7.86,0.28622553487744534,000961
2800,2016-08-23,7.88,0.6747203158785373,7.88,7.57,0.17509921596905484,000961
2801,2016-08-24,7.73,0.6784807746545078,7.86,7.6,0.1282654517068403,000961
2802,2016-08-25,7.78,0.6794208893485005,7.84,7.62,0.12273516028096472,000961
2803,2016-08-26,7.75,0.6671993983265959,7.77,7.59,0.16951447722956303,000961
2804,2016-08-29,7.65,0.6690796277145812,7.72,7.51,0.18908634192767756,000961
2805,2016-08-30,7.66,0.6596784807746546,7.68,7.45,0.2225727361662599,000961
2806,2016-08-31,7.56,0.6690796277145812,7.76,7.47,0.16538361140008517,000961
2807,2016-09-01,7.69,0.6728400864905519,7.79,7.54,0.1845801785436308,000961
2808,2016-09-02,7.7,0.6850615775124566,7.86,6.94,0.7682158413888566,000961
2809,2016-09-05,7.6,0.7113847889442512,8.18,7.54,0.5513748776361445,000961
2810,2016-09-06,8.1,0.7095045595562659,8.29,8.06,0.3339362897982639,000961
2811,2016-09-07,8.1,0.7311271975180973,8.37,8.09,0.25880547883093635,000961
2812,2016-09-08,8.33,0.7348876562940678,8.44,8.27,0.28501213760256966,000961
2813,2016-09-09,8.36,0.7283068534361193,8.51,8.16,0.25624515872636433,000961
2814,2016-09-12,8.1,0.7113847889442512,8.2,7.99,0.18928274116607893,000961
2815,2016-09-13,8.12,0.7132650183322367,8.21,8.0,0.16435559426442664,000961
2816,2016-09-14,8.1,0.7057441007802953,8.1,8.02,0.08124371457618884,000961
2817,2016-09-19,8.06,0.7151452477202219,8.19,7.66,0.3133513161575048,000961
2818,2016-09-20,8.09,0.7038638713923099,8.14,7.99,0.17781250709759625,000961
2819,2016-09-21,8.09,0.6963429538403686,8.09,7.94,0.09643257052819805,000961
2820,2016-09-22,8.0,0.6972830685343612,8.1,7.81,0.22590763412525308,000961
2821,2016-09-23,7.96,0.6822412334304785,7.96,7.75,0.12690297250182503,000961
2822,2016-09-26,7.77,0.6888220362884272,7.96,7.67,0.20359525464178904,000961
2823,2016-09-27,7.86,0.7264266240481339,8.31,7.84,0.5800433328019966,000961
2824,2016-09-28,8.32,0.7659114411958259,8.82,8.23,0.5436608600248757,000961
2825,2016-09-29,8.66,0.7950549967095986,9.11,8.61,0.5603334052729267,000961
2826,2016-09-30,9.0,0.794114882015606,9.04,8.82,0.3635828520622931,000961
2827,2016-10-10,8.99,0.850521763655166,9.68,8.93,0.5339180317990979,000961
2828,2016-10-11,9.6,0.8580426812071072,9.95,9.57,0.4838718760335267,000961
2829,2016-10-12,9.66,0.8721444016169974,9.91,9.53,0.4692022141077864,000961
2830,2016-10-13,9.84,0.8730845163109899,10.11,9.7,0.4444753555383652,000961
2831,2016-10-14,9.81,0.856162451819122,9.98,9.64,0.5089319003076946,000961
2832,2016-10-17,9.71,0.8373601579392688,9.76,9.31,0.3355936919520337,000961
2833,2016-10-18,9.51,0.8439409607972173,9.55,9.33,0.36427899985781476,000961
2834,2016-10-19,9.57,0.8373601579392688,9.58,9.34,0.21520614427044696,000961
2835,2016-10-20,9.46,0.8223183228353861,9.46,9.26,0.17439140089204402,000961
2836,2016-10-21,9.34,0.8279590109993419,9.42,9.05,0.24476844283483204,000961
2837,2016-10-24,9.36,0.8608630252890854,9.73,9.3,0.4048629903356537,000961
2838,2016-10-25,9.76,0.856162451819122,9.83,9.6,0.30477197516912113,000961
2839,2016-10-26,9.6,0.842060731409232,9.65,9.35,0.20280706495896383,000961
2840,2016-10-27,9.51,0.8317194697753126,9.65,9.28,0.22188566292300765,000961
2841,2016-10-28,9.4,0.8232584375293787,9.44,9.25,0.14120381869604595,000961
2842,2016-10-31,9.3,0.8232584375293787,9.47,9.13,0.247128474607173,000961
2843,2016-11-01,9.33,0.8251386669173639,9.38,9.23,0.18858464882364245,000961
2844,2016-11-02,9.33,0.8223183228353861,9.44,9.22,0.1515987183206084,000961
2845,2016-11-03,9.28,0.8213782081413932,9.35,9.11,0.2212277578834784,000961
2846,2016-11-04,9.25,0.8035160289555326,9.28,9.03,0.20557350703651153,000961
2847,2016-11-07,9.1,0.8279590109993419,9.45,9.06,0.4322331363446812,000961
2848,2016-11-08,9.4,0.850521763655166,9.66,9.35,0.5774557890406166,000961
2849,2016-11-09,10.56,0.8260787816113566,10.56,8.64,0.9999999999999999,000961
2850,2016-11-10,9.36,0.8223183228353861,9.47,9.1,0.5068363269157754,000961
2851,2016-11-11,9.27,0.8279590109993419,9.49,9.05,0.4245145814572777,000961
2852,2016-11-14,9.34,0.808216602425496,9.34,9.14,0.3194740462101092,000961
2853,2016-11-15,9.15,0.8091567171194887,9.21,9.06,0.19615347359860133,000961
2854,2016-11-16,9.15,0.8091567171194887,9.18,9.06,0.17167940612811255,000961
2855,2016-11-17,9.15,0.8204380934474006,9.32,9.06,0.29862461418892844,000961
2856,2016-11-18,9.28,0.813857290589452,9.32,9.15,0.17669892989768363,000961
2857,2016-11-21,9.19,0.8157375199774374,9.28,9.11,0.2266686001512702,000961
2858,2016-11-22,9.21,0.8053962583435179,9.21,9.12,0.1518573430602854,000961
2859,2016-11-23,9.12,0.8213782081413932,9.41,9.12,0.32072050078253755,000961
2860,2016-11-24,9.29,0.8213782081413932,9.41,9.24,0.22170611642453514,000961
2861,2016-11-25,9.38,0.8194979787534079,9.41,9.21,0.18299278007879616,000961
2862,2016-11-28,9.29,0.8204380934474006,9.29,9.19,0.1418779282931991,000961
2863,2016-11-29,9.28,0.8608630252890854,9.78,9.26,0.5376262827657451,000961
2864,2016-12-14,9.7,0.8937670395788287,10.12,9.41,0.8530207732576367,000961
2865,2016-12-15,10.09,0.9661558710162641,10.88,9.9,0.7442518933923673,000961
2866,2016-12-16,10.85,0.9774372473441759,11.2,10.7,0.7601265262230189,000961
2867,2016-12-19,10.75,0.946413462442418,10.84,10.5,0.44139908231904906,000961
2868,2016-12-20,10.63,0.9473535771364108,10.75,10.3,0.415331782742981,000961
2869,2016-12-21,10.55,0.9313716273385354,10.62,10.29,0.32730344027166,000961
2870,2016-12-22,10.41,0.937952430196484,10.58,10.25,0.35056022137344334,000961
2871,2016-12-23,10.52,0.937952430196484,10.63,10.3,0.26294347466576873,000961
2872,2016-12-26,10.44,0.9304315126445426,10.5,10.22,0.17992298868252954,000961
2873,2016-12-27,10.45,0.9191501363166307,10.45,10.26,0.20746879209619978,000961
2874,2016-12-28,10.35,0.9078687599887187,10.35,10.03,0.2262310770954256,000961
2875,2016-12-29,10.19,0.8975274983547993,10.34,10.08,0.2317996112772935,000961
2876,2016-12-30,10.18,0.9257309391745794,10.45,10.15,0.3720247784020263,000961
